Copyright 1986-2020 Xilinx, Inc. All Rights Reserved.
--------------------------------------------------------------------------------------------------------------------------------------------------------------------------------------------------------------------------
| Tool Version : Vivado v.2020.2 (win64) Build 3064766 Wed Nov 18 09:12:45 MST 2020
| Date         : Thu Jul 23 09:12:17 2026
| Host         : DESKTOP-7CFQ9ND running 64-bit major release  (build 9200)
| Command      : report_timing_summary -max_paths 10 -file top_counter_10000_timing_summary_routed.rpt -pb top_counter_10000_timing_summary_routed.pb -rpx top_counter_10000_timing_summary_routed.rpx -warn_on_violation
| Design       : top_counter_10000
| Device       : 7a35t-cpg236
| Speed File   : -1  PRODUCTION 1.23 2018-06-13
--------------------------------------------------------------------------------------------------------------------------------------------------------------------------------------------------------------------------

Timing Summary Report

------------------------------------------------------------------------------------------------
| Timer Settings
| --------------
------------------------------------------------------------------------------------------------

  Enable Multi Corner Analysis               :  Yes
  Enable Pessimism Removal                   :  Yes
  Pessimism Removal Resolution               :  Nearest Common Node
  Enable Input Delay Default Clock           :  No
  Enable Preset / Clear Arcs                 :  No
  Disable Flight Delays                      :  No
  Ignore I/O Paths                           :  No
  Timing Early Launch at Borrowing Latches   :  No
  Borrow Time for Max Delay Exceptions       :  Yes
  Merge Timing Exceptions                    :  Yes

  Corner  Analyze    Analyze    
  Name    Max Paths  Min Paths  
  ------  ---------  ---------  
  Slow    Yes        Yes        
  Fast    Yes        Yes        



check_timing report

Table of Contents
-----------------
1. checking no_clock (4)
2. checking constant_clock (0)
3. checking pulse_width_clock (0)
4. checking unconstrained_internal_endpoints (5)
5. checking no_input_delay (2)
6. checking no_output_delay (11)
7. checking multiple_clock (0)
8. checking generated_clocks (0)
9. checking loops (0)
10. checking partial_input_delay (0)
11. checking partial_output_delay (0)
12. checking latch_loops (0)

1. checking no_clock (4)
------------------------
 There is 1 register/latch pin with no clock driven by root clock pin: reset (HIGH)

 There is 1 register/latch pin with no clock driven by root clock pin: sel (HIGH)

 There are 2 register/latch pins with no clock driven by root clock pin: U_FND_CNTL/U_CLK_DIV/clk_reg_reg/Q (HIGH)


2. checking constant_clock (0)
------------------------------
 There are 0 register/latch pins with constant_clock.


3. checking pulse_width_clock (0)
---------------------------------
 There are 0 register/latch pins which need pulse_width check


4. checking unconstrained_internal_endpoints (5)
------------------------------------------------
 There are 5 pins that are not constrained for maximum delay. (HIGH)

 There are 0 pins that are not constrained for maximum delay due to constant clock.


5. checking no_input_delay (2)
------------------------------
 There are 2 input ports with no input delay specified. (HIGH)

 There are 0 input ports with no input delay but user has a false path constraint.


6. checking no_output_delay (11)
--------------------------------
 There are 11 ports with no output delay specified. (HIGH)

 There are 0 ports with no output delay but user has a false path constraint

 There are 0 ports with no output delay but with a timing clock defined on it or propagating through it


7. checking multiple_clock (0)
------------------------------
 There are 0 register/latch pins with multiple clocks.


8. checking generated_clocks (0)
--------------------------------
 There are 0 generated clocks that are not connected to a clock source.


9. checking loops (0)
---------------------
 There are 0 combinational loops in the design.


10. checking partial_input_delay (0)
------------------------------------
 There are 0 input ports with partial input delay specified.


11. checking partial_output_delay (0)
-------------------------------------
 There are 0 ports with partial output delay specified.


12. checking latch_loops (0)
----------------------------
 There are 0 combinational latch loops in the design through latch input



------------------------------------------------------------------------------------------------
| Design Timing Summary
| ---------------------
------------------------------------------------------------------------------------------------

    WNS(ns)      TNS(ns)  TNS Failing Endpoints  TNS Total Endpoints      WHS(ns)      THS(ns)  THS Failing Endpoints  THS Total Endpoints     WPWS(ns)     TPWS(ns)  TPWS Failing Endpoints  TPWS Total Endpoints  
    -------      -------  ---------------------  -------------------      -------      -------  ---------------------  -------------------     --------     --------  ----------------------  --------------------  
      3.361        0.000                      0                   82        0.263        0.000                      0                   82        4.500        0.000                       0                    61  


All user specified timing constraints are met.


------------------------------------------------------------------------------------------------
| Clock Summary
| -------------
------------------------------------------------------------------------------------------------

Clock        Waveform(ns)       Period(ns)      Frequency(MHz)
-----        ------------       ----------      --------------
sys_clk_pin  {0.000 5.000}      10.000          100.000         


------------------------------------------------------------------------------------------------
| Intra Clock Table
| -----------------
------------------------------------------------------------------------------------------------

Clock             WNS(ns)      TNS(ns)  TNS Failing Endpoints  TNS Total Endpoints      WHS(ns)      THS(ns)  THS Failing Endpoints  THS Total Endpoints     WPWS(ns)     TPWS(ns)  TPWS Failing Endpoints  TPWS Total Endpoints  
-----             -------      -------  ---------------------  -------------------      -------      -------  ---------------------  -------------------     --------     --------  ----------------------  --------------------  
sys_clk_pin         3.361        0.000                      0                   82        0.263        0.000                      0                   82        4.500        0.000                       0                    61  


------------------------------------------------------------------------------------------------
| Inter Clock Table
| -----------------
------------------------------------------------------------------------------------------------

From Clock    To Clock          WNS(ns)      TNS(ns)  TNS Failing Endpoints  TNS Total Endpoints      WHS(ns)      THS(ns)  THS Failing Endpoints  THS Total Endpoints  
----------    --------          -------      -------  ---------------------  -------------------      -------      -------  ---------------------  -------------------  


------------------------------------------------------------------------------------------------
| Other Path Groups Table
| -----------------------
------------------------------------------------------------------------------------------------

Path Group    From Clock    To Clock          WNS(ns)      TNS(ns)  TNS Failing Endpoints  TNS Total Endpoints      WHS(ns)      THS(ns)  THS Failing Endpoints  THS Total Endpoints  
----------    ----------    --------          -------      -------  ---------------------  -------------------      -------      -------  ---------------------  -------------------  


------------------------------------------------------------------------------------------------
| Timing Details
| --------------
------------------------------------------------------------------------------------------------


---------------------------------------------------------------------------------------------------
From Clock:  sys_clk_pin
  To Clock:  sys_clk_pin

Setup :            0  Failing Endpoints,  Worst Slack        3.361ns,  Total Violation        0.000ns
Hold  :            0  Failing Endpoints,  Worst Slack        0.263ns,  Total Violation        0.000ns
PW    :            0  Failing Endpoints,  Worst Slack        4.500ns,  Total Violation        0.000ns
---------------------------------------------------------------------------------------------------


Max Delay Paths
--------------------------------------------------------------------------------------
Slack (MET) :             3.361ns  (required time - arrival time)
  Source:                 U_DATAPATH_100000/U_COUNTER_10000/tick_counter_reg_reg[2]_P/C
                            (rising edge-triggered cell FDPE clocked by sys_clk_pin  {rise@0.000ns fall@5.000ns period=10.000ns})
  Destination:            U_DATAPATH_100000/U_COUNTER_10000/tick_counter_reg_reg[0]_C/D
                            (rising edge-triggered cell FDCE clocked by sys_clk_pin  {rise@0.000ns fall@5.000ns period=10.000ns})
  Path Group:             sys_clk_pin
  Path Type:              Setup (Max at Slow Process Corner)
  Requirement:            10.000ns  (sys_clk_pin rise@10.000ns - sys_clk_pin rise@0.000ns)
  Data Path Delay:        6.263ns  (logic 1.487ns (23.742%)  route 4.776ns (76.258%))
  Logic Levels:           6  (LUT3=1 LUT5=2 LUT6=3)
  Clock Path Skew:        -0.027ns (DCD - SCD + CPR)
    Destination Clock Delay (DCD):    4.789ns = ( 14.789 - 10.000 ) 
    Source Clock Delay      (SCD):    5.089ns
    Clock Pessimism Removal (CPR):    0.273ns
  Clock Uncertainty:      0.035ns  ((TSJ^2 + TIJ^2)^1/2 + DJ) / 2 + PE
    Total System Jitter     (TSJ):    0.071ns
    Total Input Jitter      (TIJ):    0.000ns
    Discrete Jitter          (DJ):    0.000ns
    Phase Error              (PE):    0.000ns

    Location             Delay type                Incr(ns)  Path(ns)    Netlist Resource(s)
  -------------------------------------------------------------------    -------------------
                         (clock sys_clk_pin rise edge)
                                                      0.000     0.000 r  
    W5                                                0.000     0.000 r  clk (IN)
                         net (fo=0)                   0.000     0.000    clk
    W5                   IBUF (Prop_ibuf_I_O)         1.458     1.458 r  clk_IBUF_inst/O
                         net (fo=1, routed)           1.967     3.425    clk_IBUF
    BUFGCTRL_X0Y0        BUFG (Prop_bufg_I_O)         0.096     3.521 r  clk_IBUF_BUFG_inst/O
                         net (fo=60, routed)          1.568     5.089    U_DATAPATH_100000/U_COUNTER_10000/clk_IBUF_BUFG
    SLICE_X56Y11         FDPE                                         r  U_DATAPATH_100000/U_COUNTER_10000/tick_counter_reg_reg[2]_P/C
  -------------------------------------------------------------------    -------------------
    SLICE_X56Y11         FDPE (Prop_fdpe_C_Q)         0.518     5.607 f  U_DATAPATH_100000/U_COUNTER_10000/tick_counter_reg_reg[2]_P/Q
                         net (fo=12, routed)          1.208     6.815    U_DATAPATH_100000/U_COUNTER_10000/tick_counter_reg_reg[2]_P_n_0
    SLICE_X58Y14         LUT3 (Prop_lut3_I0_O)        0.152     6.967 f  U_DATAPATH_100000/U_COUNTER_10000/digit_1000__1_carry__0_i_9/O
                         net (fo=14, routed)          0.785     7.752    U_DATAPATH_100000/U_COUNTER_10000/A[2]
    SLICE_X58Y10         LUT6 (Prop_lut6_I5_O)        0.326     8.078 f  U_DATAPATH_100000/U_COUNTER_10000/tick_counter_reg[12]_i_17/O
                         net (fo=1, routed)           0.465     8.543    U_DATAPATH_100000/U_COUNTER_10000/tick_counter_reg[12]_i_17_n_0
    SLICE_X58Y10         LUT5 (Prop_lut5_I4_O)        0.124     8.667 f  U_DATAPATH_100000/U_COUNTER_10000/tick_counter_reg[12]_i_9/O
                         net (fo=1, routed)           0.421     9.088    U_DATAPATH_100000/U_COUNTER_10000/tick_counter_reg[12]_i_9_n_0
    SLICE_X58Y11         LUT6 (Prop_lut6_I5_O)        0.124     9.212 f  U_DATAPATH_100000/U_COUNTER_10000/tick_counter_reg[12]_i_7/O
                         net (fo=15, routed)          0.345     9.557    U_DATAPATH_100000/U_COUNTER_10000/tick_counter_reg[12]_i_7_n_0
    SLICE_X58Y12         LUT6 (Prop_lut6_I5_O)        0.124     9.681 r  U_DATAPATH_100000/U_COUNTER_10000/tick_counter_reg[13]_C_i_3/O
                         net (fo=8, routed)           0.513    10.194    U_DATAPATH_100000/U_COUNTER_10000/tick_counter_reg[13]_C_i_3_n_0
    SLICE_X58Y12         LUT5 (Prop_lut5_I4_O)        0.119    10.313 r  U_DATAPATH_100000/U_COUNTER_10000/tick_counter_reg[0]_C_i_1/O
                         net (fo=2, routed)           1.039    11.353    U_DATAPATH_100000/U_COUNTER_10000/tick_counter_reg[0]_C_i_1_n_0
    SLICE_X57Y13         FDCE                                         r  U_DATAPATH_100000/U_COUNTER_10000/tick_counter_reg_reg[0]_C/D
  -------------------------------------------------------------------    -------------------

                         (clock sys_clk_pin rise edge)
                                                     10.000    10.000 r  
    W5                                                0.000    10.000 r  clk (IN)
                         net (fo=0)                   0.000    10.000    clk
    W5                   IBUF (Prop_ibuf_I_O)         1.388    11.388 r  clk_IBUF_inst/O
                         net (fo=1, routed)           1.862    13.250    clk_IBUF
    BUFGCTRL_X0Y0        BUFG (Prop_bufg_I_O)         0.091    13.341 r  clk_IBUF_BUFG_inst/O
                         net (fo=60, routed)          1.448    14.789    U_DATAPATH_100000/U_COUNTER_10000/clk_IBUF_BUFG
    SLICE_X57Y13         FDCE                                         r  U_DATAPATH_100000/U_COUNTER_10000/tick_counter_reg_reg[0]_C/C
                         clock pessimism              0.273    15.062    
                         clock uncertainty           -0.035    15.027    
    SLICE_X57Y13         FDCE (Setup_fdce_C_D)       -0.313    14.714    U_DATAPATH_100000/U_COUNTER_10000/tick_counter_reg_reg[0]_C
  -------------------------------------------------------------------
                         required time                         14.714    
                         arrival time                         -11.353    
  -------------------------------------------------------------------
                         slack                                  3.361    

Slack (MET) :             3.468ns  (required time - arrival time)
  Source:                 U_DATAPATH_100000/U_COUNTER_10000/tick_counter_reg_reg[2]_P/C
                            (rising edge-triggered cell FDPE clocked by sys_clk_pin  {rise@0.000ns fall@5.000ns period=10.000ns})
  Destination:            U_DATAPATH_100000/U_COUNTER_10000/tick_counter_reg_reg[2]_C/D
                            (rising edge-triggered cell FDCE clocked by sys_clk_pin  {rise@0.000ns fall@5.000ns period=10.000ns})
  Path Group:             sys_clk_pin
  Path Type:              Setup (Max at Slow Process Corner)
  Requirement:            10.000ns  (sys_clk_pin rise@10.000ns - sys_clk_pin rise@0.000ns)
  Data Path Delay:        6.209ns  (logic 1.486ns (23.932%)  route 4.723ns (76.068%))
  Logic Levels:           6  (LUT3=2 LUT5=1 LUT6=3)
  Clock Path Skew:        -0.026ns (DCD - SCD + CPR)
    Destination Clock Delay (DCD):    4.790ns = ( 14.790 - 10.000 ) 
    Source Clock Delay      (SCD):    5.089ns
    Clock Pessimism Removal (CPR):    0.273ns
  Clock Uncertainty:      0.035ns  ((TSJ^2 + TIJ^2)^1/2 + DJ) / 2 + PE
    Total System Jitter     (TSJ):    0.071ns
    Total Input Jitter      (TIJ):    0.000ns
    Discrete Jitter          (DJ):    0.000ns
    Phase Error              (PE):    0.000ns

    Location             Delay type                Incr(ns)  Path(ns)    Netlist Resource(s)
  -------------------------------------------------------------------    -------------------
                         (clock sys_clk_pin rise edge)
                                                      0.000     0.000 r  
    W5                                                0.000     0.000 r  clk (IN)
                         net (fo=0)                   0.000     0.000    clk
    W5                   IBUF (Prop_ibuf_I_O)         1.458     1.458 r  clk_IBUF_inst/O
                         net (fo=1, routed)           1.967     3.425    clk_IBUF
    BUFGCTRL_X0Y0        BUFG (Prop_bufg_I_O)         0.096     3.521 r  clk_IBUF_BUFG_inst/O
                         net (fo=60, routed)          1.568     5.089    U_DATAPATH_100000/U_COUNTER_10000/clk_IBUF_BUFG
    SLICE_X56Y11         FDPE                                         r  U_DATAPATH_100000/U_COUNTER_10000/tick_counter_reg_reg[2]_P/C
  -------------------------------------------------------------------    -------------------
    SLICE_X56Y11         FDPE (Prop_fdpe_C_Q)         0.518     5.607 f  U_DATAPATH_100000/U_COUNTER_10000/tick_counter_reg_reg[2]_P/Q
                         net (fo=12, routed)          1.208     6.815    U_DATAPATH_100000/U_COUNTER_10000/tick_counter_reg_reg[2]_P_n_0
    SLICE_X58Y14         LUT3 (Prop_lut3_I0_O)        0.152     6.967 f  U_DATAPATH_100000/U_COUNTER_10000/digit_1000__1_carry__0_i_9/O
                         net (fo=14, routed)          0.785     7.752    U_DATAPATH_100000/U_COUNTER_10000/A[2]
    SLICE_X58Y10         LUT6 (Prop_lut6_I5_O)        0.326     8.078 f  U_DATAPATH_100000/U_COUNTER_10000/tick_counter_reg[12]_i_17/O
                         net (fo=1, routed)           0.465     8.543    U_DATAPATH_100000/U_COUNTER_10000/tick_counter_reg[12]_i_17_n_0
    SLICE_X58Y10         LUT5 (Prop_lut5_I4_O)        0.124     8.667 f  U_DATAPATH_100000/U_COUNTER_10000/tick_counter_reg[12]_i_9/O
                         net (fo=1, routed)           0.421     9.088    U_DATAPATH_100000/U_COUNTER_10000/tick_counter_reg[12]_i_9_n_0
    SLICE_X58Y11         LUT6 (Prop_lut6_I5_O)        0.124     9.212 f  U_DATAPATH_100000/U_COUNTER_10000/tick_counter_reg[12]_i_7/O
                         net (fo=15, routed)          0.345     9.557    U_DATAPATH_100000/U_COUNTER_10000/tick_counter_reg[12]_i_7_n_0
    SLICE_X58Y12         LUT6 (Prop_lut6_I5_O)        0.124     9.681 r  U_DATAPATH_100000/U_COUNTER_10000/tick_counter_reg[13]_C_i_3/O
                         net (fo=8, routed)           0.822    10.504    U_DATAPATH_100000/U_COUNTER_10000/tick_counter_reg[13]_C_i_3_n_0
    SLICE_X57Y11         LUT3 (Prop_lut3_I2_O)        0.118    10.622 r  U_DATAPATH_100000/U_COUNTER_10000/tick_counter_reg[2]_C_i_1/O
                         net (fo=2, routed)           0.677    11.299    U_DATAPATH_100000/U_COUNTER_10000/tick_counter_reg[2]_C_i_1_n_0
    SLICE_X56Y12         FDCE                                         r  U_DATAPATH_100000/U_COUNTER_10000/tick_counter_reg_reg[2]_C/D
  -------------------------------------------------------------------    -------------------

                         (clock sys_clk_pin rise edge)
                                                     10.000    10.000 r  
    W5                                                0.000    10.000 r  clk (IN)
                         net (fo=0)                   0.000    10.000    clk
    W5                   IBUF (Prop_ibuf_I_O)         1.388    11.388 r  clk_IBUF_inst/O
                         net (fo=1, routed)           1.862    13.250    clk_IBUF
    BUFGCTRL_X0Y0        BUFG (Prop_bufg_I_O)         0.091    13.341 r  clk_IBUF_BUFG_inst/O
                         net (fo=60, routed)          1.449    14.790    U_DATAPATH_100000/U_COUNTER_10000/clk_IBUF_BUFG
    SLICE_X56Y12         FDCE                                         r  U_DATAPATH_100000/U_COUNTER_10000/tick_counter_reg_reg[2]_C/C
                         clock pessimism              0.273    15.063    
                         clock uncertainty           -0.035    15.028    
    SLICE_X56Y12         FDCE (Setup_fdce_C_D)       -0.261    14.767    U_DATAPATH_100000/U_COUNTER_10000/tick_counter_reg_reg[2]_C
  -------------------------------------------------------------------
                         required time                         14.767    
                         arrival time                         -11.299    
  -------------------------------------------------------------------
                         slack                                  3.468    

Slack (MET) :             3.593ns  (required time - arrival time)
  Source:                 U_DATAPATH_100000/U_COUNTER_10000/tick_counter_reg_reg[2]_P/C
                            (rising edge-triggered cell FDPE clocked by sys_clk_pin  {rise@0.000ns fall@5.000ns period=10.000ns})
  Destination:            U_DATAPATH_100000/U_COUNTER_10000/tick_counter_reg_reg[8]_P/D
                            (rising edge-triggered cell FDPE clocked by sys_clk_pin  {rise@0.000ns fall@5.000ns period=10.000ns})
  Path Group:             sys_clk_pin
  Path Type:              Setup (Max at Slow Process Corner)
  Requirement:            10.000ns  (sys_clk_pin rise@10.000ns - sys_clk_pin rise@0.000ns)
  Data Path Delay:        6.067ns  (logic 1.394ns (22.976%)  route 4.673ns (77.024%))
  Logic Levels:           5  (LUT3=2 LUT5=1 LUT6=2)
  Clock Path Skew:        -0.040ns (DCD - SCD + CPR)
    Destination Clock Delay (DCD):    4.789ns = ( 14.789 - 10.000 ) 
    Source Clock Delay      (SCD):    5.089ns
    Clock Pessimism Removal (CPR):    0.260ns
  Clock Uncertainty:      0.035ns  ((TSJ^2 + TIJ^2)^1/2 + DJ) / 2 + PE
    Total System Jitter     (TSJ):    0.071ns
    Total Input Jitter      (TIJ):    0.000ns
    Discrete Jitter          (DJ):    0.000ns
    Phase Error              (PE):    0.000ns

    Location             Delay type                Incr(ns)  Path(ns)    Netlist Resource(s)
  -------------------------------------------------------------------    -------------------
                         (clock sys_clk_pin rise edge)
                                                      0.000     0.000 r  
    W5                                                0.000     0.000 r  clk (IN)
                         net (fo=0)                   0.000     0.000    clk
    W5                   IBUF (Prop_ibuf_I_O)         1.458     1.458 r  clk_IBUF_inst/O
                         net (fo=1, routed)           1.967     3.425    clk_IBUF
    BUFGCTRL_X0Y0        BUFG (Prop_bufg_I_O)         0.096     3.521 r  clk_IBUF_BUFG_inst/O
                         net (fo=60, routed)          1.568     5.089    U_DATAPATH_100000/U_COUNTER_10000/clk_IBUF_BUFG
    SLICE_X56Y11         FDPE                                         r  U_DATAPATH_100000/U_COUNTER_10000/tick_counter_reg_reg[2]_P/C
  -------------------------------------------------------------------    -------------------
    SLICE_X56Y11         FDPE (Prop_fdpe_C_Q)         0.518     5.607 r  U_DATAPATH_100000/U_COUNTER_10000/tick_counter_reg_reg[2]_P/Q
                         net (fo=12, routed)          1.208     6.815    U_DATAPATH_100000/U_COUNTER_10000/tick_counter_reg_reg[2]_P_n_0
    SLICE_X58Y14         LUT3 (Prop_lut3_I0_O)        0.152     6.967 r  U_DATAPATH_100000/U_COUNTER_10000/digit_1000__1_carry__0_i_9/O
                         net (fo=14, routed)          0.785     7.752    U_DATAPATH_100000/U_COUNTER_10000/A[2]
    SLICE_X58Y10         LUT6 (Prop_lut6_I5_O)        0.326     8.078 r  U_DATAPATH_100000/U_COUNTER_10000/tick_counter_reg[12]_i_17/O
                         net (fo=1, routed)           0.465     8.543    U_DATAPATH_100000/U_COUNTER_10000/tick_counter_reg[12]_i_17_n_0
    SLICE_X58Y10         LUT5 (Prop_lut5_I4_O)        0.124     8.667 r  U_DATAPATH_100000/U_COUNTER_10000/tick_counter_reg[12]_i_9/O
                         net (fo=1, routed)           0.421     9.088    U_DATAPATH_100000/U_COUNTER_10000/tick_counter_reg[12]_i_9_n_0
    SLICE_X58Y11         LUT6 (Prop_lut6_I5_O)        0.124     9.212 r  U_DATAPATH_100000/U_COUNTER_10000/tick_counter_reg[12]_i_7/O
                         net (fo=15, routed)          1.106    10.318    U_DATAPATH_100000/U_COUNTER_10000/tick_counter_reg[12]_i_7_n_0
    SLICE_X57Y12         LUT3 (Prop_lut3_I0_O)        0.150    10.468 r  U_DATAPATH_100000/U_COUNTER_10000/tick_counter_reg[8]_C_i_1/O
                         net (fo=2, routed)           0.689    11.156    U_DATAPATH_100000/U_COUNTER_10000/tick_counter_reg[8]_C_i_1_n_0
    SLICE_X54Y12         FDPE                                         r  U_DATAPATH_100000/U_COUNTER_10000/tick_counter_reg_reg[8]_P/D
  -------------------------------------------------------------------    -------------------

                         (clock sys_clk_pin rise edge)
                                                     10.000    10.000 r  
    W5                                                0.000    10.000 r  clk (IN)
                         net (fo=0)                   0.000    10.000    clk
    W5                   IBUF (Prop_ibuf_I_O)         1.388    11.388 r  clk_IBUF_inst/O
                         net (fo=1, routed)           1.862    13.250    clk_IBUF
    BUFGCTRL_X0Y0        BUFG (Prop_bufg_I_O)         0.091    13.341 r  clk_IBUF_BUFG_inst/O
                         net (fo=60, routed)          1.448    14.789    U_DATAPATH_100000/U_COUNTER_10000/clk_IBUF_BUFG
    SLICE_X54Y12         FDPE                                         r  U_DATAPATH_100000/U_COUNTER_10000/tick_counter_reg_reg[8]_P/C
                         clock pessimism              0.260    15.049    
                         clock uncertainty           -0.035    15.014    
    SLICE_X54Y12         FDPE (Setup_fdpe_C_D)       -0.264    14.750    U_DATAPATH_100000/U_COUNTER_10000/tick_counter_reg_reg[8]_P
  -------------------------------------------------------------------
                         required time                         14.750    
                         arrival time                         -11.156    
  -------------------------------------------------------------------
                         slack                                  3.593    

Slack (MET) :             3.662ns  (required time - arrival time)
  Source:                 U_DATAPATH_100000/U_COUNTER_10000/tick_counter_reg_reg[2]_P/C
                            (rising edge-triggered cell FDPE clocked by sys_clk_pin  {rise@0.000ns fall@5.000ns period=10.000ns})
  Destination:            U_DATAPATH_100000/U_COUNTER_10000/tick_counter_reg_reg[12]/D
                            (rising edge-triggered cell FDCE clocked by sys_clk_pin  {rise@0.000ns fall@5.000ns period=10.000ns})
  Path Group:             sys_clk_pin
  Path Type:              Setup (Max at Slow Process Corner)
  Requirement:            10.000ns  (sys_clk_pin rise@10.000ns - sys_clk_pin rise@0.000ns)
  Data Path Delay:        6.007ns  (logic 1.398ns (23.273%)  route 4.609ns (76.727%))
  Logic Levels:           5  (LUT2=1 LUT3=1 LUT5=1 LUT6=2)
  Clock Path Skew:        -0.026ns (DCD - SCD + CPR)
    Destination Clock Delay (DCD):    4.790ns = ( 14.790 - 10.000 ) 
    Source Clock Delay      (SCD):    5.089ns
    Clock Pessimism Removal (CPR):    0.273ns
  Clock Uncertainty:      0.035ns  ((TSJ^2 + TIJ^2)^1/2 + DJ) / 2 + PE
    Total System Jitter     (TSJ):    0.071ns
    Total Input Jitter      (TIJ):    0.000ns
    Discrete Jitter          (DJ):    0.000ns
    Phase Error              (PE):    0.000ns

    Location             Delay type                Incr(ns)  Path(ns)    Netlist Resource(s)
  -------------------------------------------------------------------    -------------------
                         (clock sys_clk_pin rise edge)
                                                      0.000     0.000 r  
    W5                                                0.000     0.000 r  clk (IN)
                         net (fo=0)                   0.000     0.000    clk
    W5                   IBUF (Prop_ibuf_I_O)         1.458     1.458 r  clk_IBUF_inst/O
                         net (fo=1, routed)           1.967     3.425    clk_IBUF
    BUFGCTRL_X0Y0        BUFG (Prop_bufg_I_O)         0.096     3.521 r  clk_IBUF_BUFG_inst/O
                         net (fo=60, routed)          1.568     5.089    U_DATAPATH_100000/U_COUNTER_10000/clk_IBUF_BUFG
    SLICE_X56Y11         FDPE                                         r  U_DATAPATH_100000/U_COUNTER_10000/tick_counter_reg_reg[2]_P/C
  -------------------------------------------------------------------    -------------------
    SLICE_X56Y11         FDPE (Prop_fdpe_C_Q)         0.518     5.607 r  U_DATAPATH_100000/U_COUNTER_10000/tick_counter_reg_reg[2]_P/Q
                         net (fo=12, routed)          1.208     6.815    U_DATAPATH_100000/U_COUNTER_10000/tick_counter_reg_reg[2]_P_n_0
    SLICE_X58Y14         LUT3 (Prop_lut3_I0_O)        0.152     6.967 r  U_DATAPATH_100000/U_COUNTER_10000/digit_1000__1_carry__0_i_9/O
                         net (fo=14, routed)          0.785     7.752    U_DATAPATH_100000/U_COUNTER_10000/A[2]
    SLICE_X58Y10         LUT6 (Prop_lut6_I5_O)        0.326     8.078 r  U_DATAPATH_100000/U_COUNTER_10000/tick_counter_reg[12]_i_17/O
                         net (fo=1, routed)           0.465     8.543    U_DATAPATH_100000/U_COUNTER_10000/tick_counter_reg[12]_i_17_n_0
    SLICE_X58Y10         LUT5 (Prop_lut5_I4_O)        0.124     8.667 r  U_DATAPATH_100000/U_COUNTER_10000/tick_counter_reg[12]_i_9/O
                         net (fo=1, routed)           0.421     9.088    U_DATAPATH_100000/U_COUNTER_10000/tick_counter_reg[12]_i_9_n_0
    SLICE_X58Y11         LUT6 (Prop_lut6_I5_O)        0.124     9.212 r  U_DATAPATH_100000/U_COUNTER_10000/tick_counter_reg[12]_i_7/O
                         net (fo=15, routed)          1.104    10.316    U_DATAPATH_100000/U_COUNTER_10000/tick_counter_reg[12]_i_7_n_0
    SLICE_X57Y12         LUT2 (Prop_lut2_I0_O)        0.154    10.470 r  U_DATAPATH_100000/U_COUNTER_10000/tick_counter_reg[12]_i_2/O
                         net (fo=1, routed)           0.626    11.096    U_DATAPATH_100000/U_COUNTER_10000/tick_counter_reg[12]_i_2_n_0
    SLICE_X57Y12         FDCE                                         r  U_DATAPATH_100000/U_COUNTER_10000/tick_counter_reg_reg[12]/D
  -------------------------------------------------------------------    -------------------

                         (clock sys_clk_pin rise edge)
                                                     10.000    10.000 r  
    W5                                                0.000    10.000 r  clk (IN)
                         net (fo=0)                   0.000    10.000    clk
    W5                   IBUF (Prop_ibuf_I_O)         1.388    11.388 r  clk_IBUF_inst/O
                         net (fo=1, routed)           1.862    13.250    clk_IBUF
    BUFGCTRL_X0Y0        BUFG (Prop_bufg_I_O)         0.091    13.341 r  clk_IBUF_BUFG_inst/O
                         net (fo=60, routed)          1.449    14.790    U_DATAPATH_100000/U_COUNTER_10000/clk_IBUF_BUFG
    SLICE_X57Y12         FDCE                                         r  U_DATAPATH_100000/U_COUNTER_10000/tick_counter_reg_reg[12]/C
                         clock pessimism              0.273    15.063    
                         clock uncertainty           -0.035    15.028    
    SLICE_X57Y12         FDCE (Setup_fdce_C_D)       -0.270    14.758    U_DATAPATH_100000/U_COUNTER_10000/tick_counter_reg_reg[12]
  -------------------------------------------------------------------
                         required time                         14.758    
                         arrival time                         -11.096    
  -------------------------------------------------------------------
                         slack                                  3.662    

Slack (MET) :             3.698ns  (required time - arrival time)
  Source:                 U_DATAPATH_100000/U_COUNTER_10000/tick_counter_reg_reg[2]_P/C
                            (rising edge-triggered cell FDPE clocked by sys_clk_pin  {rise@0.000ns fall@5.000ns period=10.000ns})
  Destination:            U_DATAPATH_100000/U_COUNTER_10000/tick_counter_reg_reg[9]_P/D
                            (rising edge-triggered cell FDPE clocked by sys_clk_pin  {rise@0.000ns fall@5.000ns period=10.000ns})
  Path Group:             sys_clk_pin
  Path Type:              Setup (Max at Slow Process Corner)
  Requirement:            10.000ns  (sys_clk_pin rise@10.000ns - sys_clk_pin rise@0.000ns)
  Data Path Delay:        5.973ns  (logic 1.486ns (24.878%)  route 4.487ns (75.122%))
  Logic Levels:           6  (LUT3=2 LUT5=1 LUT6=3)
  Clock Path Skew:        -0.027ns (DCD - SCD + CPR)
    Destination Clock Delay (DCD):    4.789ns = ( 14.789 - 10.000 ) 
    Source Clock Delay      (SCD):    5.089ns
    Clock Pessimism Removal (CPR):    0.273ns
  Clock Uncertainty:      0.035ns  ((TSJ^2 + TIJ^2)^1/2 + DJ) / 2 + PE
    Total System Jitter     (TSJ):    0.071ns
    Total Input Jitter      (TIJ):    0.000ns
    Discrete Jitter          (DJ):    0.000ns
    Phase Error              (PE):    0.000ns

    Location             Delay type                Incr(ns)  Path(ns)    Netlist Resource(s)
  -------------------------------------------------------------------    -------------------
                         (clock sys_clk_pin rise edge)
                                                      0.000     0.000 r  
    W5                                                0.000     0.000 r  clk (IN)
                         net (fo=0)                   0.000     0.000    clk
    W5                   IBUF (Prop_ibuf_I_O)         1.458     1.458 r  clk_IBUF_inst/O
                         net (fo=1, routed)           1.967     3.425    clk_IBUF
    BUFGCTRL_X0Y0        BUFG (Prop_bufg_I_O)         0.096     3.521 r  clk_IBUF_BUFG_inst/O
                         net (fo=60, routed)          1.568     5.089    U_DATAPATH_100000/U_COUNTER_10000/clk_IBUF_BUFG
    SLICE_X56Y11         FDPE                                         r  U_DATAPATH_100000/U_COUNTER_10000/tick_counter_reg_reg[2]_P/C
  -------------------------------------------------------------------    -------------------
    SLICE_X56Y11         FDPE (Prop_fdpe_C_Q)         0.518     5.607 f  U_DATAPATH_100000/U_COUNTER_10000/tick_counter_reg_reg[2]_P/Q
                         net (fo=12, routed)          1.208     6.815    U_DATAPATH_100000/U_COUNTER_10000/tick_counter_reg_reg[2]_P_n_0
    SLICE_X58Y14         LUT3 (Prop_lut3_I0_O)        0.152     6.967 f  U_DATAPATH_100000/U_COUNTER_10000/digit_1000__1_carry__0_i_9/O
                         net (fo=14, routed)          0.785     7.752    U_DATAPATH_100000/U_COUNTER_10000/A[2]
    SLICE_X58Y10         LUT6 (Prop_lut6_I5_O)        0.326     8.078 f  U_DATAPATH_100000/U_COUNTER_10000/tick_counter_reg[12]_i_17/O
                         net (fo=1, routed)           0.465     8.543    U_DATAPATH_100000/U_COUNTER_10000/tick_counter_reg[12]_i_17_n_0
    SLICE_X58Y10         LUT5 (Prop_lut5_I4_O)        0.124     8.667 f  U_DATAPATH_100000/U_COUNTER_10000/tick_counter_reg[12]_i_9/O
                         net (fo=1, routed)           0.421     9.088    U_DATAPATH_100000/U_COUNTER_10000/tick_counter_reg[12]_i_9_n_0
    SLICE_X58Y11         LUT6 (Prop_lut6_I5_O)        0.124     9.212 f  U_DATAPATH_100000/U_COUNTER_10000/tick_counter_reg[12]_i_7/O
                         net (fo=15, routed)          0.345     9.557    U_DATAPATH_100000/U_COUNTER_10000/tick_counter_reg[12]_i_7_n_0
    SLICE_X58Y12         LUT6 (Prop_lut6_I5_O)        0.124     9.681 r  U_DATAPATH_100000/U_COUNTER_10000/tick_counter_reg[13]_C_i_3/O
                         net (fo=8, routed)           0.637    10.318    U_DATAPATH_100000/U_COUNTER_10000/tick_counter_reg[13]_C_i_3_n_0
    SLICE_X57Y12         LUT3 (Prop_lut3_I2_O)        0.118    10.436 r  U_DATAPATH_100000/U_COUNTER_10000/tick_counter_reg[9]_C_i_1/O
                         net (fo=2, routed)           0.627    11.062    U_DATAPATH_100000/U_COUNTER_10000/tick_counter_reg[9]_C_i_1_n_0
    SLICE_X56Y13         FDPE                                         r  U_DATAPATH_100000/U_COUNTER_10000/tick_counter_reg_reg[9]_P/D
  -------------------------------------------------------------------    -------------------

                         (clock sys_clk_pin rise edge)
                                                     10.000    10.000 r  
    W5                                                0.000    10.000 r  clk (IN)
                         net (fo=0)                   0.000    10.000    clk
    W5                   IBUF (Prop_ibuf_I_O)         1.388    11.388 r  clk_IBUF_inst/O
                         net (fo=1, routed)           1.862    13.250    clk_IBUF
    BUFGCTRL_X0Y0        BUFG (Prop_bufg_I_O)         0.091    13.341 r  clk_IBUF_BUFG_inst/O
                         net (fo=60, routed)          1.448    14.789    U_DATAPATH_100000/U_COUNTER_10000/clk_IBUF_BUFG
    SLICE_X56Y13         FDPE                                         r  U_DATAPATH_100000/U_COUNTER_10000/tick_counter_reg_reg[9]_P/C
                         clock pessimism              0.273    15.062    
                         clock uncertainty           -0.035    15.027    
    SLICE_X56Y13         FDPE (Setup_fdpe_C_D)       -0.266    14.761    U_DATAPATH_100000/U_COUNTER_10000/tick_counter_reg_reg[9]_P
  -------------------------------------------------------------------
                         required time                         14.761    
                         arrival time                         -11.062    
  -------------------------------------------------------------------
                         slack                                  3.698    

Slack (MET) :             3.715ns  (required time - arrival time)
  Source:                 U_DATAPATH_100000/U_COUNTER_10000/tick_counter_reg_reg[2]_P/C
                            (rising edge-triggered cell FDPE clocked by sys_clk_pin  {rise@0.000ns fall@5.000ns period=10.000ns})
  Destination:            U_DATAPATH_100000/U_COUNTER_10000/tick_counter_reg_reg[9]_C/D
                            (rising edge-triggered cell FDCE clocked by sys_clk_pin  {rise@0.000ns fall@5.000ns period=10.000ns})
  Path Group:             sys_clk_pin
  Path Type:              Setup (Max at Slow Process Corner)
  Requirement:            10.000ns  (sys_clk_pin rise@10.000ns - sys_clk_pin rise@0.000ns)
  Data Path Delay:        5.963ns  (logic 1.486ns (24.921%)  route 4.477ns (75.079%))
  Logic Levels:           6  (LUT3=2 LUT5=1 LUT6=3)
  Clock Path Skew:        -0.027ns (DCD - SCD + CPR)
    Destination Clock Delay (DCD):    4.789ns = ( 14.789 - 10.000 ) 
    Source Clock Delay      (SCD):    5.089ns
    Clock Pessimism Removal (CPR):    0.273ns
  Clock Uncertainty:      0.035ns  ((TSJ^2 + TIJ^2)^1/2 + DJ) / 2 + PE
    Total System Jitter     (TSJ):    0.071ns
    Total Input Jitter      (TIJ):    0.000ns
    Discrete Jitter          (DJ):    0.000ns
    Phase Error              (PE):    0.000ns

    Location             Delay type                Incr(ns)  Path(ns)    Netlist Resource(s)
  -------------------------------------------------------------------    -------------------
                         (clock sys_clk_pin rise edge)
                                                      0.000     0.000 r  
    W5                                                0.000     0.000 r  clk (IN)
                         net (fo=0)                   0.000     0.000    clk
    W5                   IBUF (Prop_ibuf_I_O)         1.458     1.458 r  clk_IBUF_inst/O
                         net (fo=1, routed)           1.967     3.425    clk_IBUF
    BUFGCTRL_X0Y0        BUFG (Prop_bufg_I_O)         0.096     3.521 r  clk_IBUF_BUFG_inst/O
                         net (fo=60, routed)          1.568     5.089    U_DATAPATH_100000/U_COUNTER_10000/clk_IBUF_BUFG
    SLICE_X56Y11         FDPE                                         r  U_DATAPATH_100000/U_COUNTER_10000/tick_counter_reg_reg[2]_P/C
  -------------------------------------------------------------------    -------------------
    SLICE_X56Y11         FDPE (Prop_fdpe_C_Q)         0.518     5.607 f  U_DATAPATH_100000/U_COUNTER_10000/tick_counter_reg_reg[2]_P/Q
                         net (fo=12, routed)          1.208     6.815    U_DATAPATH_100000/U_COUNTER_10000/tick_counter_reg_reg[2]_P_n_0
    SLICE_X58Y14         LUT3 (Prop_lut3_I0_O)        0.152     6.967 f  U_DATAPATH_100000/U_COUNTER_10000/digit_1000__1_carry__0_i_9/O
                         net (fo=14, routed)          0.785     7.752    U_DATAPATH_100000/U_COUNTER_10000/A[2]
    SLICE_X58Y10         LUT6 (Prop_lut6_I5_O)        0.326     8.078 f  U_DATAPATH_100000/U_COUNTER_10000/tick_counter_reg[12]_i_17/O
                         net (fo=1, routed)           0.465     8.543    U_DATAPATH_100000/U_COUNTER_10000/tick_counter_reg[12]_i_17_n_0
    SLICE_X58Y10         LUT5 (Prop_lut5_I4_O)        0.124     8.667 f  U_DATAPATH_100000/U_COUNTER_10000/tick_counter_reg[12]_i_9/O
                         net (fo=1, routed)           0.421     9.088    U_DATAPATH_100000/U_COUNTER_10000/tick_counter_reg[12]_i_9_n_0
    SLICE_X58Y11         LUT6 (Prop_lut6_I5_O)        0.124     9.212 f  U_DATAPATH_100000/U_COUNTER_10000/tick_counter_reg[12]_i_7/O
                         net (fo=15, routed)          0.345     9.557    U_DATAPATH_100000/U_COUNTER_10000/tick_counter_reg[12]_i_7_n_0
    SLICE_X58Y12         LUT6 (Prop_lut6_I5_O)        0.124     9.681 r  U_DATAPATH_100000/U_COUNTER_10000/tick_counter_reg[13]_C_i_3/O
                         net (fo=8, routed)           0.637    10.318    U_DATAPATH_100000/U_COUNTER_10000/tick_counter_reg[13]_C_i_3_n_0
    SLICE_X57Y12         LUT3 (Prop_lut3_I2_O)        0.118    10.436 r  U_DATAPATH_100000/U_COUNTER_10000/tick_counter_reg[9]_C_i_1/O
                         net (fo=2, routed)           0.616    11.052    U_DATAPATH_100000/U_COUNTER_10000/tick_counter_reg[9]_C_i_1_n_0
    SLICE_X57Y13         FDCE                                         r  U_DATAPATH_100000/U_COUNTER_10000/tick_counter_reg_reg[9]_C/D
  -------------------------------------------------------------------    -------------------

                         (clock sys_clk_pin rise edge)
                                                     10.000    10.000 r  
    W5                                                0.000    10.000 r  clk (IN)
                         net (fo=0)                   0.000    10.000    clk
    W5                   IBUF (Prop_ibuf_I_O)         1.388    11.388 r  clk_IBUF_inst/O
                         net (fo=1, routed)           1.862    13.250    clk_IBUF
    BUFGCTRL_X0Y0        BUFG (Prop_bufg_I_O)         0.091    13.341 r  clk_IBUF_BUFG_inst/O
                         net (fo=60, routed)          1.448    14.789    U_DATAPATH_100000/U_COUNTER_10000/clk_IBUF_BUFG
    SLICE_X57Y13         FDCE                                         r  U_DATAPATH_100000/U_COUNTER_10000/tick_counter_reg_reg[9]_C/C
                         clock pessimism              0.273    15.062    
                         clock uncertainty           -0.035    15.027    
    SLICE_X57Y13         FDCE (Setup_fdce_C_D)       -0.260    14.767    U_DATAPATH_100000/U_COUNTER_10000/tick_counter_reg_reg[9]_C
  -------------------------------------------------------------------
                         required time                         14.767    
                         arrival time                         -11.052    
  -------------------------------------------------------------------
                         slack                                  3.715    

Slack (MET) :             3.804ns  (required time - arrival time)
  Source:                 U_DATAPATH_100000/U_COUNTER_10000/tick_counter_reg_reg[2]_P/C
                            (rising edge-triggered cell FDPE clocked by sys_clk_pin  {rise@0.000ns fall@5.000ns period=10.000ns})
  Destination:            U_DATAPATH_100000/U_COUNTER_10000/tick_counter_reg_reg[13]_C/D
                            (rising edge-triggered cell FDCE clocked by sys_clk_pin  {rise@0.000ns fall@5.000ns period=10.000ns})
  Path Group:             sys_clk_pin
  Path Type:              Setup (Max at Slow Process Corner)
  Requirement:            10.000ns  (sys_clk_pin rise@10.000ns - sys_clk_pin rise@0.000ns)
  Data Path Delay:        6.061ns  (logic 1.368ns (22.570%)  route 4.693ns (77.430%))
  Logic Levels:           5  (LUT3=2 LUT5=1 LUT6=2)
  Clock Path Skew:        -0.027ns (DCD - SCD + CPR)
    Destination Clock Delay (DCD):    4.789ns = ( 14.789 - 10.000 ) 
    Source Clock Delay      (SCD):    5.089ns
    Clock Pessimism Removal (CPR):    0.273ns
  Clock Uncertainty:      0.035ns  ((TSJ^2 + TIJ^2)^1/2 + DJ) / 2 + PE
    Total System Jitter     (TSJ):    0.071ns
    Total Input Jitter      (TIJ):    0.000ns
    Discrete Jitter          (DJ):    0.000ns
    Phase Error              (PE):    0.000ns

    Location             Delay type                Incr(ns)  Path(ns)    Netlist Resource(s)
  -------------------------------------------------------------------    -------------------
                         (clock sys_clk_pin rise edge)
                                                      0.000     0.000 r  
    W5                                                0.000     0.000 r  clk (IN)
                         net (fo=0)                   0.000     0.000    clk
    W5                   IBUF (Prop_ibuf_I_O)         1.458     1.458 r  clk_IBUF_inst/O
                         net (fo=1, routed)           1.967     3.425    clk_IBUF
    BUFGCTRL_X0Y0        BUFG (Prop_bufg_I_O)         0.096     3.521 r  clk_IBUF_BUFG_inst/O
                         net (fo=60, routed)          1.568     5.089    U_DATAPATH_100000/U_COUNTER_10000/clk_IBUF_BUFG
    SLICE_X56Y11         FDPE                                         r  U_DATAPATH_100000/U_COUNTER_10000/tick_counter_reg_reg[2]_P/C
  -------------------------------------------------------------------    -------------------
    SLICE_X56Y11         FDPE (Prop_fdpe_C_Q)         0.518     5.607 r  U_DATAPATH_100000/U_COUNTER_10000/tick_counter_reg_reg[2]_P/Q
                         net (fo=12, routed)          1.208     6.815    U_DATAPATH_100000/U_COUNTER_10000/tick_counter_reg_reg[2]_P_n_0
    SLICE_X58Y14         LUT3 (Prop_lut3_I0_O)        0.152     6.967 r  U_DATAPATH_100000/U_COUNTER_10000/digit_1000__1_carry__0_i_9/O
                         net (fo=14, routed)          0.785     7.752    U_DATAPATH_100000/U_COUNTER_10000/A[2]
    SLICE_X58Y10         LUT6 (Prop_lut6_I5_O)        0.326     8.078 r  U_DATAPATH_100000/U_COUNTER_10000/tick_counter_reg[12]_i_17/O
                         net (fo=1, routed)           0.465     8.543    U_DATAPATH_100000/U_COUNTER_10000/tick_counter_reg[12]_i_17_n_0
    SLICE_X58Y10         LUT5 (Prop_lut5_I4_O)        0.124     8.667 r  U_DATAPATH_100000/U_COUNTER_10000/tick_counter_reg[12]_i_9/O
                         net (fo=1, routed)           0.421     9.088    U_DATAPATH_100000/U_COUNTER_10000/tick_counter_reg[12]_i_9_n_0
    SLICE_X58Y11         LUT6 (Prop_lut6_I5_O)        0.124     9.212 r  U_DATAPATH_100000/U_COUNTER_10000/tick_counter_reg[12]_i_7/O
                         net (fo=15, routed)          1.104    10.316    U_DATAPATH_100000/U_COUNTER_10000/tick_counter_reg[12]_i_7_n_0
    SLICE_X57Y12         LUT3 (Prop_lut3_I0_O)        0.124    10.440 r  U_DATAPATH_100000/U_COUNTER_10000/tick_counter_reg[13]_C_i_1/O
                         net (fo=2, routed)           0.711    11.150    U_DATAPATH_100000/U_COUNTER_10000/tick_counter_reg[13]_C_i_1_n_0
    SLICE_X57Y13         FDCE                                         r  U_DATAPATH_100000/U_COUNTER_10000/tick_counter_reg_reg[13]_C/D
  -------------------------------------------------------------------    -------------------

                         (clock sys_clk_pin rise edge)
                                                     10.000    10.000 r  
    W5                                                0.000    10.000 r  clk (IN)
                         net (fo=0)                   0.000    10.000    clk
    W5                   IBUF (Prop_ibuf_I_O)         1.388    11.388 r  clk_IBUF_inst/O
                         net (fo=1, routed)           1.862    13.250    clk_IBUF
    BUFGCTRL_X0Y0        BUFG (Prop_bufg_I_O)         0.091    13.341 r  clk_IBUF_BUFG_inst/O
                         net (fo=60, routed)          1.448    14.789    U_DATAPATH_100000/U_COUNTER_10000/clk_IBUF_BUFG
    SLICE_X57Y13         FDCE                                         r  U_DATAPATH_100000/U_COUNTER_10000/tick_counter_reg_reg[13]_C/C
                         clock pessimism              0.273    15.062    
                         clock uncertainty           -0.035    15.027    
    SLICE_X57Y13         FDCE (Setup_fdce_C_D)       -0.072    14.955    U_DATAPATH_100000/U_COUNTER_10000/tick_counter_reg_reg[13]_C
  -------------------------------------------------------------------
                         required time                         14.955    
                         arrival time                         -11.150    
  -------------------------------------------------------------------
                         slack                                  3.804    

Slack (MET) :             3.851ns  (required time - arrival time)
  Source:                 U_DATAPATH_100000/U_COUNTER_10000/tick_counter_reg_reg[2]_P/C
                            (rising edge-triggered cell FDPE clocked by sys_clk_pin  {rise@0.000ns fall@5.000ns period=10.000ns})
  Destination:            U_DATAPATH_100000/U_COUNTER_10000/tick_counter_reg_reg[1]_P/D
                            (rising edge-triggered cell FDPE clocked by sys_clk_pin  {rise@0.000ns fall@5.000ns period=10.000ns})
  Path Group:             sys_clk_pin
  Path Type:              Setup (Max at Slow Process Corner)
  Requirement:            10.000ns  (sys_clk_pin rise@10.000ns - sys_clk_pin rise@0.000ns)
  Data Path Delay:        6.069ns  (logic 1.492ns (24.583%)  route 4.577ns (75.417%))
  Logic Levels:           6  (LUT3=2 LUT5=1 LUT6=3)
  Clock Path Skew:        0.000ns (DCD - SCD + CPR)
    Destination Clock Delay (DCD):    4.791ns = ( 14.791 - 10.000 ) 
    Source Clock Delay      (SCD):    5.089ns
    Clock Pessimism Removal (CPR):    0.298ns
  Clock Uncertainty:      0.035ns  ((TSJ^2 + TIJ^2)^1/2 + DJ) / 2 + PE
    Total System Jitter     (TSJ):    0.071ns
    Total Input Jitter      (TIJ):    0.000ns
    Discrete Jitter          (DJ):    0.000ns
    Phase Error              (PE):    0.000ns

    Location             Delay type                Incr(ns)  Path(ns)    Netlist Resource(s)
  -------------------------------------------------------------------    -------------------
                         (clock sys_clk_pin rise edge)
                                                      0.000     0.000 r  
    W5                                                0.000     0.000 r  clk (IN)
                         net (fo=0)                   0.000     0.000    clk
    W5                   IBUF (Prop_ibuf_I_O)         1.458     1.458 r  clk_IBUF_inst/O
                         net (fo=1, routed)           1.967     3.425    clk_IBUF
    BUFGCTRL_X0Y0        BUFG (Prop_bufg_I_O)         0.096     3.521 r  clk_IBUF_BUFG_inst/O
                         net (fo=60, routed)          1.568     5.089    U_DATAPATH_100000/U_COUNTER_10000/clk_IBUF_BUFG
    SLICE_X56Y11         FDPE                                         r  U_DATAPATH_100000/U_COUNTER_10000/tick_counter_reg_reg[2]_P/C
  -------------------------------------------------------------------    -------------------
    SLICE_X56Y11         FDPE (Prop_fdpe_C_Q)         0.518     5.607 f  U_DATAPATH_100000/U_COUNTER_10000/tick_counter_reg_reg[2]_P/Q
                         net (fo=12, routed)          1.208     6.815    U_DATAPATH_100000/U_COUNTER_10000/tick_counter_reg_reg[2]_P_n_0
    SLICE_X58Y14         LUT3 (Prop_lut3_I0_O)        0.152     6.967 f  U_DATAPATH_100000/U_COUNTER_10000/digit_1000__1_carry__0_i_9/O
                         net (fo=14, routed)          0.785     7.752    U_DATAPATH_100000/U_COUNTER_10000/A[2]
    SLICE_X58Y10         LUT6 (Prop_lut6_I5_O)        0.326     8.078 f  U_DATAPATH_100000/U_COUNTER_10000/tick_counter_reg[12]_i_17/O
                         net (fo=1, routed)           0.465     8.543    U_DATAPATH_100000/U_COUNTER_10000/tick_counter_reg[12]_i_17_n_0
    SLICE_X58Y10         LUT5 (Prop_lut5_I4_O)        0.124     8.667 f  U_DATAPATH_100000/U_COUNTER_10000/tick_counter_reg[12]_i_9/O
                         net (fo=1, routed)           0.421     9.088    U_DATAPATH_100000/U_COUNTER_10000/tick_counter_reg[12]_i_9_n_0
    SLICE_X58Y11         LUT6 (Prop_lut6_I5_O)        0.124     9.212 f  U_DATAPATH_100000/U_COUNTER_10000/tick_counter_reg[12]_i_7/O
                         net (fo=15, routed)          0.345     9.557    U_DATAPATH_100000/U_COUNTER_10000/tick_counter_reg[12]_i_7_n_0
    SLICE_X58Y12         LUT6 (Prop_lut6_I5_O)        0.124     9.681 r  U_DATAPATH_100000/U_COUNTER_10000/tick_counter_reg[13]_C_i_3/O
                         net (fo=8, routed)           0.822    10.504    U_DATAPATH_100000/U_COUNTER_10000/tick_counter_reg[13]_C_i_3_n_0
    SLICE_X57Y11         LUT3 (Prop_lut3_I2_O)        0.124    10.628 r  U_DATAPATH_100000/U_COUNTER_10000/tick_counter_reg[1]_C_i_1/O
                         net (fo=2, routed)           0.531    11.158    U_DATAPATH_100000/U_COUNTER_10000/tick_counter_reg[1]_C_i_1_n_0
    SLICE_X56Y11         FDPE                                         r  U_DATAPATH_100000/U_COUNTER_10000/tick_counter_reg_reg[1]_P/D
  -------------------------------------------------------------------    -------------------

                         (clock sys_clk_pin rise edge)
                                                     10.000    10.000 r  
    W5                                                0.000    10.000 r  clk (IN)
                         net (fo=0)                   0.000    10.000    clk
    W5                   IBUF (Prop_ibuf_I_O)         1.388    11.388 r  clk_IBUF_inst/O
                         net (fo=1, routed)           1.862    13.250    clk_IBUF
    BUFGCTRL_X0Y0        BUFG (Prop_bufg_I_O)         0.091    13.341 r  clk_IBUF_BUFG_inst/O
                         net (fo=60, routed)          1.450    14.791    U_DATAPATH_100000/U_COUNTER_10000/clk_IBUF_BUFG
    SLICE_X56Y11         FDPE                                         r  U_DATAPATH_100000/U_COUNTER_10000/tick_counter_reg_reg[1]_P/C
                         clock pessimism              0.298    15.089    
                         clock uncertainty           -0.035    15.054    
    SLICE_X56Y11         FDPE (Setup_fdpe_C_D)       -0.045    15.009    U_DATAPATH_100000/U_COUNTER_10000/tick_counter_reg_reg[1]_P
  -------------------------------------------------------------------
                         required time                         15.009    
                         arrival time                         -11.158    
  -------------------------------------------------------------------
                         slack                                  3.851    

Slack (MET) :             3.872ns  (required time - arrival time)
  Source:                 U_DATAPATH_100000/U_COUNTER_10000/tick_counter_reg_reg[2]_P/C
                            (rising edge-triggered cell FDPE clocked by sys_clk_pin  {rise@0.000ns fall@5.000ns period=10.000ns})
  Destination:            U_DATAPATH_100000/U_COUNTER_10000/tick_counter_reg_reg[10]_C/D
                            (rising edge-triggered cell FDCE clocked by sys_clk_pin  {rise@0.000ns fall@5.000ns period=10.000ns})
  Path Group:             sys_clk_pin
  Path Type:              Setup (Max at Slow Process Corner)
  Requirement:            10.000ns  (sys_clk_pin rise@10.000ns - sys_clk_pin rise@0.000ns)
  Data Path Delay:        5.984ns  (logic 1.492ns (24.931%)  route 4.492ns (75.069%))
  Logic Levels:           6  (LUT3=2 LUT5=1 LUT6=3)
  Clock Path Skew:        -0.041ns (DCD - SCD + CPR)
    Destination Clock Delay (DCD):    4.788ns = ( 14.788 - 10.000 ) 
    Source Clock Delay      (SCD):    5.089ns
    Clock Pessimism Removal (CPR):    0.260ns
  Clock Uncertainty:      0.035ns  ((TSJ^2 + TIJ^2)^1/2 + DJ) / 2 + PE
    Total System Jitter     (TSJ):    0.071ns
    Total Input Jitter      (TIJ):    0.000ns
    Discrete Jitter          (DJ):    0.000ns
    Phase Error              (PE):    0.000ns

    Location             Delay type                Incr(ns)  Path(ns)    Netlist Resource(s)
  -------------------------------------------------------------------    -------------------
                         (clock sys_clk_pin rise edge)
                                                      0.000     0.000 r  
    W5                                                0.000     0.000 r  clk (IN)
                         net (fo=0)                   0.000     0.000    clk
    W5                   IBUF (Prop_ibuf_I_O)         1.458     1.458 r  clk_IBUF_inst/O
                         net (fo=1, routed)           1.967     3.425    clk_IBUF
    BUFGCTRL_X0Y0        BUFG (Prop_bufg_I_O)         0.096     3.521 r  clk_IBUF_BUFG_inst/O
                         net (fo=60, routed)          1.568     5.089    U_DATAPATH_100000/U_COUNTER_10000/clk_IBUF_BUFG
    SLICE_X56Y11         FDPE                                         r  U_DATAPATH_100000/U_COUNTER_10000/tick_counter_reg_reg[2]_P/C
  -------------------------------------------------------------------    -------------------
    SLICE_X56Y11         FDPE (Prop_fdpe_C_Q)         0.518     5.607 f  U_DATAPATH_100000/U_COUNTER_10000/tick_counter_reg_reg[2]_P/Q
                         net (fo=12, routed)          1.208     6.815    U_DATAPATH_100000/U_COUNTER_10000/tick_counter_reg_reg[2]_P_n_0
    SLICE_X58Y14         LUT3 (Prop_lut3_I0_O)        0.152     6.967 f  U_DATAPATH_100000/U_COUNTER_10000/digit_1000__1_carry__0_i_9/O
                         net (fo=14, routed)          0.785     7.752    U_DATAPATH_100000/U_COUNTER_10000/A[2]
    SLICE_X58Y10         LUT6 (Prop_lut6_I5_O)        0.326     8.078 f  U_DATAPATH_100000/U_COUNTER_10000/tick_counter_reg[12]_i_17/O
                         net (fo=1, routed)           0.465     8.543    U_DATAPATH_100000/U_COUNTER_10000/tick_counter_reg[12]_i_17_n_0
    SLICE_X58Y10         LUT5 (Prop_lut5_I4_O)        0.124     8.667 f  U_DATAPATH_100000/U_COUNTER_10000/tick_counter_reg[12]_i_9/O
                         net (fo=1, routed)           0.421     9.088    U_DATAPATH_100000/U_COUNTER_10000/tick_counter_reg[12]_i_9_n_0
    SLICE_X58Y11         LUT6 (Prop_lut6_I5_O)        0.124     9.212 f  U_DATAPATH_100000/U_COUNTER_10000/tick_counter_reg[12]_i_7/O
                         net (fo=15, routed)          0.345     9.557    U_DATAPATH_100000/U_COUNTER_10000/tick_counter_reg[12]_i_7_n_0
    SLICE_X58Y12         LUT6 (Prop_lut6_I5_O)        0.124     9.681 r  U_DATAPATH_100000/U_COUNTER_10000/tick_counter_reg[13]_C_i_3/O
                         net (fo=8, routed)           0.637    10.318    U_DATAPATH_100000/U_COUNTER_10000/tick_counter_reg[13]_C_i_3_n_0
    SLICE_X57Y12         LUT3 (Prop_lut3_I2_O)        0.124    10.442 r  U_DATAPATH_100000/U_COUNTER_10000/tick_counter_reg[10]_C_i_1/O
                         net (fo=2, routed)           0.632    11.074    U_DATAPATH_100000/U_COUNTER_10000/tick_counter_reg[10]_C_i_1_n_0
    SLICE_X55Y14         FDCE                                         r  U_DATAPATH_100000/U_COUNTER_10000/tick_counter_reg_reg[10]_C/D
  -------------------------------------------------------------------    -------------------

                         (clock sys_clk_pin rise edge)
                                                     10.000    10.000 r  
    W5                                                0.000    10.000 r  clk (IN)
                         net (fo=0)                   0.000    10.000    clk
    W5                   IBUF (Prop_ibuf_I_O)         1.388    11.388 r  clk_IBUF_inst/O
                         net (fo=1, routed)           1.862    13.250    clk_IBUF
    BUFGCTRL_X0Y0        BUFG (Prop_bufg_I_O)         0.091    13.341 r  clk_IBUF_BUFG_inst/O
                         net (fo=60, routed)          1.447    14.788    U_DATAPATH_100000/U_COUNTER_10000/clk_IBUF_BUFG
    SLICE_X55Y14         FDCE                                         r  U_DATAPATH_100000/U_COUNTER_10000/tick_counter_reg_reg[10]_C/C
                         clock pessimism              0.260    15.048    
                         clock uncertainty           -0.035    15.013    
    SLICE_X55Y14         FDCE (Setup_fdce_C_D)       -0.067    14.946    U_DATAPATH_100000/U_COUNTER_10000/tick_counter_reg_reg[10]_C
  -------------------------------------------------------------------
                         required time                         14.946    
                         arrival time                         -11.074    
  -------------------------------------------------------------------
                         slack                                  3.872    

Slack (MET) :             3.884ns  (required time - arrival time)
  Source:                 U_DATAPATH_100000/U_COUNTER_10000/tick_counter_reg_reg[2]_P/C
                            (rising edge-triggered cell FDPE clocked by sys_clk_pin  {rise@0.000ns fall@5.000ns period=10.000ns})
  Destination:            U_DATAPATH_100000/U_COUNTER_10000/tick_counter_reg_reg[8]_C/D
                            (rising edge-triggered cell FDCE clocked by sys_clk_pin  {rise@0.000ns fall@5.000ns period=10.000ns})
  Path Group:             sys_clk_pin
  Path Type:              Setup (Max at Slow Process Corner)
  Requirement:            10.000ns  (sys_clk_pin rise@10.000ns - sys_clk_pin rise@0.000ns)
  Data Path Delay:        5.820ns  (logic 1.394ns (23.953%)  route 4.426ns (76.047%))
  Logic Levels:           5  (LUT3=2 LUT5=1 LUT6=2)
  Clock Path Skew:        -0.026ns (DCD - SCD + CPR)
    Destination Clock Delay (DCD):    4.790ns = ( 14.790 - 10.000 ) 
    Source Clock Delay      (SCD):    5.089ns
    Clock Pessimism Removal (CPR):    0.273ns
  Clock Uncertainty:      0.035ns  ((TSJ^2 + TIJ^2)^1/2 + DJ) / 2 + PE
    Total System Jitter     (TSJ):    0.071ns
    Total Input Jitter      (TIJ):    0.000ns
    Discrete Jitter          (DJ):    0.000ns
    Phase Error              (PE):    0.000ns

    Location             Delay type                Incr(ns)  Path(ns)    Netlist Resource(s)
  -------------------------------------------------------------------    -------------------
                         (clock sys_clk_pin rise edge)
                                                      0.000     0.000 r  
    W5                                                0.000     0.000 r  clk (IN)
                         net (fo=0)                   0.000     0.000    clk
    W5                   IBUF (Prop_ibuf_I_O)         1.458     1.458 r  clk_IBUF_inst/O
                         net (fo=1, routed)           1.967     3.425    clk_IBUF
    BUFGCTRL_X0Y0        BUFG (Prop_bufg_I_O)         0.096     3.521 r  clk_IBUF_BUFG_inst/O
                         net (fo=60, routed)          1.568     5.089    U_DATAPATH_100000/U_COUNTER_10000/clk_IBUF_BUFG
    SLICE_X56Y11         FDPE                                         r  U_DATAPATH_100000/U_COUNTER_10000/tick_counter_reg_reg[2]_P/C
  -------------------------------------------------------------------    -------------------
    SLICE_X56Y11         FDPE (Prop_fdpe_C_Q)         0.518     5.607 r  U_DATAPATH_100000/U_COUNTER_10000/tick_counter_reg_reg[2]_P/Q
                         net (fo=12, routed)          1.208     6.815    U_DATAPATH_100000/U_COUNTER_10000/tick_counter_reg_reg[2]_P_n_0
    SLICE_X58Y14         LUT3 (Prop_lut3_I0_O)        0.152     6.967 r  U_DATAPATH_100000/U_COUNTER_10000/digit_1000__1_carry__0_i_9/O
                         net (fo=14, routed)          0.785     7.752    U_DATAPATH_100000/U_COUNTER_10000/A[2]
    SLICE_X58Y10         LUT6 (Prop_lut6_I5_O)        0.326     8.078 r  U_DATAPATH_100000/U_COUNTER_10000/tick_counter_reg[12]_i_17/O
                         net (fo=1, routed)           0.465     8.543    U_DATAPATH_100000/U_COUNTER_10000/tick_counter_reg[12]_i_17_n_0
    SLICE_X58Y10         LUT5 (Prop_lut5_I4_O)        0.124     8.667 r  U_DATAPATH_100000/U_COUNTER_10000/tick_counter_reg[12]_i_9/O
                         net (fo=1, routed)           0.421     9.088    U_DATAPATH_100000/U_COUNTER_10000/tick_counter_reg[12]_i_9_n_0
    SLICE_X58Y11         LUT6 (Prop_lut6_I5_O)        0.124     9.212 r  U_DATAPATH_100000/U_COUNTER_10000/tick_counter_reg[12]_i_7/O
                         net (fo=15, routed)          1.106    10.318    U_DATAPATH_100000/U_COUNTER_10000/tick_counter_reg[12]_i_7_n_0
    SLICE_X57Y12         LUT3 (Prop_lut3_I0_O)        0.150    10.468 r  U_DATAPATH_100000/U_COUNTER_10000/tick_counter_reg[8]_C_i_1/O
                         net (fo=2, routed)           0.441    10.909    U_DATAPATH_100000/U_COUNTER_10000/tick_counter_reg[8]_C_i_1_n_0
    SLICE_X56Y12         FDCE                                         r  U_DATAPATH_100000/U_COUNTER_10000/tick_counter_reg_reg[8]_C/D
  -------------------------------------------------------------------    -------------------

                         (clock sys_clk_pin rise edge)
                                                     10.000    10.000 r  
    W5                                                0.000    10.000 r  clk (IN)
                         net (fo=0)                   0.000    10.000    clk
    W5                   IBUF (Prop_ibuf_I_O)         1.388    11.388 r  clk_IBUF_inst/O
                         net (fo=1, routed)           1.862    13.250    clk_IBUF
    BUFGCTRL_X0Y0        BUFG (Prop_bufg_I_O)         0.091    13.341 r  clk_IBUF_BUFG_inst/O
                         net (fo=60, routed)          1.449    14.790    U_DATAPATH_100000/U_COUNTER_10000/clk_IBUF_BUFG
    SLICE_X56Y12         FDCE                                         r  U_DATAPATH_100000/U_COUNTER_10000/tick_counter_reg_reg[8]_C/C
                         clock pessimism              0.273    15.063    
                         clock uncertainty           -0.035    15.028    
    SLICE_X56Y12         FDCE (Setup_fdce_C_D)       -0.235    14.793    U_DATAPATH_100000/U_COUNTER_10000/tick_counter_reg_reg[8]_C
  -------------------------------------------------------------------
                         required time                         14.793    
                         arrival time                         -10.909    
  -------------------------------------------------------------------
                         slack                                  3.884    





Min Delay Paths
--------------------------------------------------------------------------------------
Slack (MET) :             0.263ns  (arrival time - required time)
  Source:                 U_DATAPATH_100000/U_TICK_GEN/counter_reg_reg[0]/C
                            (rising edge-triggered cell FDCE clocked by sys_clk_pin  {rise@0.000ns fall@5.000ns period=10.000ns})
  Destination:            U_DATAPATH_100000/U_TICK_GEN/counter_reg_reg[0]/D
                            (rising edge-triggered cell FDCE clocked by sys_clk_pin  {rise@0.000ns fall@5.000ns period=10.000ns})
  Path Group:             sys_clk_pin
  Path Type:              Hold (Min at Fast Process Corner)
  Requirement:            0.000ns  (sys_clk_pin rise@0.000ns - sys_clk_pin rise@0.000ns)
  Data Path Delay:        0.354ns  (logic 0.186ns (52.507%)  route 0.168ns (47.493%))
  Logic Levels:           1  (LUT1=1)
  Clock Path Skew:        0.000ns (DCD - SCD - CPR)
    Destination Clock Delay (DCD):    1.963ns
    Source Clock Delay      (SCD):    1.448ns
    Clock Pessimism Removal (CPR):    0.515ns

    Location             Delay type                Incr(ns)  Path(ns)    Netlist Resource(s)
  -------------------------------------------------------------------    -------------------
                         (clock sys_clk_pin rise edge)
                                                      0.000     0.000 r  
    W5                                                0.000     0.000 r  clk (IN)
                         net (fo=0)                   0.000     0.000    clk
    W5                   IBUF (Prop_ibuf_I_O)         0.226     0.226 r  clk_IBUF_inst/O
                         net (fo=1, routed)           0.631     0.858    clk_IBUF
    BUFGCTRL_X0Y0        BUFG (Prop_bufg_I_O)         0.026     0.884 r  clk_IBUF_BUFG_inst/O
                         net (fo=60, routed)          0.565     1.448    U_DATAPATH_100000/U_TICK_GEN/clk_IBUF_BUFG
    SLICE_X55Y9          FDCE                                         r  U_DATAPATH_100000/U_TICK_GEN/counter_reg_reg[0]/C
  -------------------------------------------------------------------    -------------------
    SLICE_X55Y9          FDCE (Prop_fdce_C_Q)         0.141     1.589 f  U_DATAPATH_100000/U_TICK_GEN/counter_reg_reg[0]/Q
                         net (fo=3, routed)           0.168     1.757    U_DATAPATH_100000/U_TICK_GEN/counter_reg[0]
    SLICE_X55Y9          LUT1 (Prop_lut1_I0_O)        0.045     1.802 r  U_DATAPATH_100000/U_TICK_GEN/counter_reg[0]_i_1__0/O
                         net (fo=1, routed)           0.000     1.802    U_DATAPATH_100000/U_TICK_GEN/counter_reg_1[0]
    SLICE_X55Y9          FDCE                                         r  U_DATAPATH_100000/U_TICK_GEN/counter_reg_reg[0]/D
  -------------------------------------------------------------------    -------------------

                         (clock sys_clk_pin rise edge)
                                                      0.000     0.000 r  
    W5                                                0.000     0.000 r  clk (IN)
                         net (fo=0)                   0.000     0.000    clk
    W5                   IBUF (Prop_ibuf_I_O)         0.414     0.414 r  clk_IBUF_inst/O
                         net (fo=1, routed)           0.685     1.099    clk_IBUF
    BUFGCTRL_X0Y0        BUFG (Prop_bufg_I_O)         0.029     1.128 r  clk_IBUF_BUFG_inst/O
                         net (fo=60, routed)          0.836     1.963    U_DATAPATH_100000/U_TICK_GEN/clk_IBUF_BUFG
    SLICE_X55Y9          FDCE                                         r  U_DATAPATH_100000/U_TICK_GEN/counter_reg_reg[0]/C
                         clock pessimism             -0.515     1.448    
    SLICE_X55Y9          FDCE (Hold_fdce_C_D)         0.091     1.539    U_DATAPATH_100000/U_TICK_GEN/counter_reg_reg[0]
  -------------------------------------------------------------------
                         required time                         -1.539    
                         arrival time                           1.802    
  -------------------------------------------------------------------
                         slack                                  0.263    

Slack (MET) :             0.285ns  (arrival time - required time)
  Source:                 U_FND_CNTL/U_CLK_DIV/counter_reg_reg[0]/C
                            (rising edge-triggered cell FDCE clocked by sys_clk_pin  {rise@0.000ns fall@5.000ns period=10.000ns})
  Destination:            U_FND_CNTL/U_CLK_DIV/counter_reg_reg[13]/D
                            (rising edge-triggered cell FDCE clocked by sys_clk_pin  {rise@0.000ns fall@5.000ns period=10.000ns})
  Path Group:             sys_clk_pin
  Path Type:              Hold (Min at Fast Process Corner)
  Requirement:            0.000ns  (sys_clk_pin rise@0.000ns - sys_clk_pin rise@0.000ns)
  Data Path Delay:        0.407ns  (logic 0.189ns (46.400%)  route 0.218ns (53.600%))
  Logic Levels:           1  (LUT3=1)
  Clock Path Skew:        0.015ns (DCD - SCD - CPR)
    Destination Clock Delay (DCD):    1.983ns
    Source Clock Delay      (SCD):    1.469ns
    Clock Pessimism Removal (CPR):    0.499ns

    Location             Delay type                Incr(ns)  Path(ns)    Netlist Resource(s)
  -------------------------------------------------------------------    -------------------
                         (clock sys_clk_pin rise edge)
                                                      0.000     0.000 r  
    W5                                                0.000     0.000 r  clk (IN)
                         net (fo=0)                   0.000     0.000    clk
    W5                   IBUF (Prop_ibuf_I_O)         0.226     0.226 r  clk_IBUF_inst/O
                         net (fo=1, routed)           0.631     0.858    clk_IBUF
    BUFGCTRL_X0Y0        BUFG (Prop_bufg_I_O)         0.026     0.884 r  clk_IBUF_BUFG_inst/O
                         net (fo=60, routed)          0.586     1.469    U_FND_CNTL/U_CLK_DIV/counter_reg_reg[15]_0
    SLICE_X62Y20         FDCE                                         r  U_FND_CNTL/U_CLK_DIV/counter_reg_reg[0]/C
  -------------------------------------------------------------------    -------------------
    SLICE_X62Y20         FDCE (Prop_fdce_C_Q)         0.141     1.610 r  U_FND_CNTL/U_CLK_DIV/counter_reg_reg[0]/Q
                         net (fo=18, routed)          0.218     1.828    U_FND_CNTL/U_CLK_DIV/counter_reg_reg_n_0_[0]
    SLICE_X62Y19         LUT3 (Prop_lut3_I1_O)        0.048     1.876 r  U_FND_CNTL/U_CLK_DIV/counter_reg[13]_i_1__0/O
                         net (fo=1, routed)           0.000     1.876    U_FND_CNTL/U_CLK_DIV/counter_reg[13]
    SLICE_X62Y19         FDCE                                         r  U_FND_CNTL/U_CLK_DIV/counter_reg_reg[13]/D
  -------------------------------------------------------------------    -------------------

                         (clock sys_clk_pin rise edge)
                                                      0.000     0.000 r  
    W5                                                0.000     0.000 r  clk (IN)
                         net (fo=0)                   0.000     0.000    clk
    W5                   IBUF (Prop_ibuf_I_O)         0.414     0.414 r  clk_IBUF_inst/O
                         net (fo=1, routed)           0.685     1.099    clk_IBUF
    BUFGCTRL_X0Y0        BUFG (Prop_bufg_I_O)         0.029     1.128 r  clk_IBUF_BUFG_inst/O
                         net (fo=60, routed)          0.856     1.983    U_FND_CNTL/U_CLK_DIV/counter_reg_reg[15]_0
    SLICE_X62Y19         FDCE                                         r  U_FND_CNTL/U_CLK_DIV/counter_reg_reg[13]/C
                         clock pessimism             -0.499     1.484    
    SLICE_X62Y19         FDCE (Hold_fdce_C_D)         0.107     1.591    U_FND_CNTL/U_CLK_DIV/counter_reg_reg[13]
  -------------------------------------------------------------------
                         required time                         -1.591    
                         arrival time                           1.876    
  -------------------------------------------------------------------
                         slack                                  0.285    

Slack (MET) :             0.292ns  (arrival time - required time)
  Source:                 U_FND_CNTL/U_CLK_DIV/clk_reg_reg/C
                            (rising edge-triggered cell FDCE clocked by sys_clk_pin  {rise@0.000ns fall@5.000ns period=10.000ns})
  Destination:            U_FND_CNTL/U_CLK_DIV/clk_reg_reg/D
                            (rising edge-triggered cell FDCE clocked by sys_clk_pin  {rise@0.000ns fall@5.000ns period=10.000ns})
  Path Group:             sys_clk_pin
  Path Type:              Hold (Min at Fast Process Corner)
  Requirement:            0.000ns  (sys_clk_pin rise@0.000ns - sys_clk_pin rise@0.000ns)
  Data Path Delay:        0.383ns  (logic 0.186ns (48.581%)  route 0.197ns (51.419%))
  Logic Levels:           1  (LUT3=1)
  Clock Path Skew:        0.000ns (DCD - SCD - CPR)
    Destination Clock Delay (DCD):    1.985ns
    Source Clock Delay      (SCD):    1.472ns
    Clock Pessimism Removal (CPR):    0.513ns

    Location             Delay type                Incr(ns)  Path(ns)    Netlist Resource(s)
  -------------------------------------------------------------------    -------------------
                         (clock sys_clk_pin rise edge)
                                                      0.000     0.000 r  
    W5                                                0.000     0.000 r  clk (IN)
                         net (fo=0)                   0.000     0.000    clk
    W5                   IBUF (Prop_ibuf_I_O)         0.226     0.226 r  clk_IBUF_inst/O
                         net (fo=1, routed)           0.631     0.858    clk_IBUF
    BUFGCTRL_X0Y0        BUFG (Prop_bufg_I_O)         0.026     0.884 r  clk_IBUF_BUFG_inst/O
                         net (fo=60, routed)          0.589     1.472    U_FND_CNTL/U_CLK_DIV/counter_reg_reg[15]_0
    SLICE_X62Y17         FDCE                                         r  U_FND_CNTL/U_CLK_DIV/clk_reg_reg/C
  -------------------------------------------------------------------    -------------------
    SLICE_X62Y17         FDCE (Prop_fdce_C_Q)         0.141     1.613 r  U_FND_CNTL/U_CLK_DIV/clk_reg_reg/Q
                         net (fo=3, routed)           0.197     1.810    U_FND_CNTL/U_CLK_DIV/CLK
    SLICE_X62Y17         LUT3 (Prop_lut3_I2_O)        0.045     1.855 r  U_FND_CNTL/U_CLK_DIV/clk_reg_i_1/O
                         net (fo=1, routed)           0.000     1.855    U_FND_CNTL/U_CLK_DIV/clk_reg_i_1_n_0
    SLICE_X62Y17         FDCE                                         r  U_FND_CNTL/U_CLK_DIV/clk_reg_reg/D
  -------------------------------------------------------------------    -------------------

                         (clock sys_clk_pin rise edge)
                                                      0.000     0.000 r  
    W5                                                0.000     0.000 r  clk (IN)
                         net (fo=0)                   0.000     0.000    clk
    W5                   IBUF (Prop_ibuf_I_O)         0.414     0.414 r  clk_IBUF_inst/O
                         net (fo=1, routed)           0.685     1.099    clk_IBUF
    BUFGCTRL_X0Y0        BUFG (Prop_bufg_I_O)         0.029     1.128 r  clk_IBUF_BUFG_inst/O
                         net (fo=60, routed)          0.858     1.985    U_FND_CNTL/U_CLK_DIV/counter_reg_reg[15]_0
    SLICE_X62Y17         FDCE                                         r  U_FND_CNTL/U_CLK_DIV/clk_reg_reg/C
                         clock pessimism             -0.513     1.472    
    SLICE_X62Y17         FDCE (Hold_fdce_C_D)         0.091     1.563    U_FND_CNTL/U_CLK_DIV/clk_reg_reg
  -------------------------------------------------------------------
                         required time                         -1.563    
                         arrival time                           1.855    
  -------------------------------------------------------------------
                         slack                                  0.292    

Slack (MET) :             0.295ns  (arrival time - required time)
  Source:                 U_FND_CNTL/U_CLK_DIV/counter_reg_reg[0]/C
                            (rising edge-triggered cell FDCE clocked by sys_clk_pin  {rise@0.000ns fall@5.000ns period=10.000ns})
  Destination:            U_FND_CNTL/U_CLK_DIV/counter_reg_reg[12]/D
                            (rising edge-triggered cell FDCE clocked by sys_clk_pin  {rise@0.000ns fall@5.000ns period=10.000ns})
  Path Group:             sys_clk_pin
  Path Type:              Hold (Min at Fast Process Corner)
  Requirement:            0.000ns  (sys_clk_pin rise@0.000ns - sys_clk_pin rise@0.000ns)
  Data Path Delay:        0.417ns  (logic 0.186ns (44.633%)  route 0.231ns (55.367%))
  Logic Levels:           1  (LUT3=1)
  Clock Path Skew:        0.015ns (DCD - SCD - CPR)
    Destination Clock Delay (DCD):    1.983ns
    Source Clock Delay      (SCD):    1.469ns
    Clock Pessimism Removal (CPR):    0.499ns

    Location             Delay type                Incr(ns)  Path(ns)    Netlist Resource(s)
  -------------------------------------------------------------------    -------------------
                         (clock sys_clk_pin rise edge)
                                                      0.000     0.000 r  
    W5                                                0.000     0.000 r  clk (IN)
                         net (fo=0)                   0.000     0.000    clk
    W5                   IBUF (Prop_ibuf_I_O)         0.226     0.226 r  clk_IBUF_inst/O
                         net (fo=1, routed)           0.631     0.858    clk_IBUF
    BUFGCTRL_X0Y0        BUFG (Prop_bufg_I_O)         0.026     0.884 r  clk_IBUF_BUFG_inst/O
                         net (fo=60, routed)          0.586     1.469    U_FND_CNTL/U_CLK_DIV/counter_reg_reg[15]_0
    SLICE_X62Y20         FDCE                                         r  U_FND_CNTL/U_CLK_DIV/counter_reg_reg[0]/C
  -------------------------------------------------------------------    -------------------
    SLICE_X62Y20         FDCE (Prop_fdce_C_Q)         0.141     1.610 r  U_FND_CNTL/U_CLK_DIV/counter_reg_reg[0]/Q
                         net (fo=18, routed)          0.231     1.841    U_FND_CNTL/U_CLK_DIV/counter_reg_reg_n_0_[0]
    SLICE_X62Y19         LUT3 (Prop_lut3_I1_O)        0.045     1.886 r  U_FND_CNTL/U_CLK_DIV/counter_reg[12]_i_1__0/O
                         net (fo=1, routed)           0.000     1.886    U_FND_CNTL/U_CLK_DIV/counter_reg[12]
    SLICE_X62Y19         FDCE                                         r  U_FND_CNTL/U_CLK_DIV/counter_reg_reg[12]/D
  -------------------------------------------------------------------    -------------------

                         (clock sys_clk_pin rise edge)
                                                      0.000     0.000 r  
    W5                                                0.000     0.000 r  clk (IN)
                         net (fo=0)                   0.000     0.000    clk
    W5                   IBUF (Prop_ibuf_I_O)         0.414     0.414 r  clk_IBUF_inst/O
                         net (fo=1, routed)           0.685     1.099    clk_IBUF
    BUFGCTRL_X0Y0        BUFG (Prop_bufg_I_O)         0.029     1.128 r  clk_IBUF_BUFG_inst/O
                         net (fo=60, routed)          0.856     1.983    U_FND_CNTL/U_CLK_DIV/counter_reg_reg[15]_0
    SLICE_X62Y19         FDCE                                         r  U_FND_CNTL/U_CLK_DIV/counter_reg_reg[12]/C
                         clock pessimism             -0.499     1.484    
    SLICE_X62Y19         FDCE (Hold_fdce_C_D)         0.107     1.591    U_FND_CNTL/U_CLK_DIV/counter_reg_reg[12]
  -------------------------------------------------------------------
                         required time                         -1.591    
                         arrival time                           1.886    
  -------------------------------------------------------------------
                         slack                                  0.295    

Slack (MET) :             0.298ns  (arrival time - required time)
  Source:                 U_FND_CNTL/U_CLK_DIV/counter_reg_reg[0]/C
                            (rising edge-triggered cell FDCE clocked by sys_clk_pin  {rise@0.000ns fall@5.000ns period=10.000ns})
  Destination:            U_FND_CNTL/U_CLK_DIV/counter_reg_reg[10]/D
                            (rising edge-triggered cell FDCE clocked by sys_clk_pin  {rise@0.000ns fall@5.000ns period=10.000ns})
  Path Group:             sys_clk_pin
  Path Type:              Hold (Min at Fast Process Corner)
  Requirement:            0.000ns  (sys_clk_pin rise@0.000ns - sys_clk_pin rise@0.000ns)
  Data Path Delay:        0.404ns  (logic 0.186ns (46.002%)  route 0.218ns (53.998%))
  Logic Levels:           1  (LUT3=1)
  Clock Path Skew:        0.015ns (DCD - SCD - CPR)
    Destination Clock Delay (DCD):    1.983ns
    Source Clock Delay      (SCD):    1.469ns
    Clock Pessimism Removal (CPR):    0.499ns

    Location             Delay type                Incr(ns)  Path(ns)    Netlist Resource(s)
  -------------------------------------------------------------------    -------------------
                         (clock sys_clk_pin rise edge)
                                                      0.000     0.000 r  
    W5                                                0.000     0.000 r  clk (IN)
                         net (fo=0)                   0.000     0.000    clk
    W5                   IBUF (Prop_ibuf_I_O)         0.226     0.226 r  clk_IBUF_inst/O
                         net (fo=1, routed)           0.631     0.858    clk_IBUF
    BUFGCTRL_X0Y0        BUFG (Prop_bufg_I_O)         0.026     0.884 r  clk_IBUF_BUFG_inst/O
                         net (fo=60, routed)          0.586     1.469    U_FND_CNTL/U_CLK_DIV/counter_reg_reg[15]_0
    SLICE_X62Y20         FDCE                                         r  U_FND_CNTL/U_CLK_DIV/counter_reg_reg[0]/C
  -------------------------------------------------------------------    -------------------
    SLICE_X62Y20         FDCE (Prop_fdce_C_Q)         0.141     1.610 r  U_FND_CNTL/U_CLK_DIV/counter_reg_reg[0]/Q
                         net (fo=18, routed)          0.218     1.828    U_FND_CNTL/U_CLK_DIV/counter_reg_reg_n_0_[0]
    SLICE_X62Y19         LUT3 (Prop_lut3_I1_O)        0.045     1.873 r  U_FND_CNTL/U_CLK_DIV/counter_reg[10]_i_1__0/O
                         net (fo=1, routed)           0.000     1.873    U_FND_CNTL/U_CLK_DIV/counter_reg[10]
    SLICE_X62Y19         FDCE                                         r  U_FND_CNTL/U_CLK_DIV/counter_reg_reg[10]/D
  -------------------------------------------------------------------    -------------------

                         (clock sys_clk_pin rise edge)
                                                      0.000     0.000 r  
    W5                                                0.000     0.000 r  clk (IN)
                         net (fo=0)                   0.000     0.000    clk
    W5                   IBUF (Prop_ibuf_I_O)         0.414     0.414 r  clk_IBUF_inst/O
                         net (fo=1, routed)           0.685     1.099    clk_IBUF
    BUFGCTRL_X0Y0        BUFG (Prop_bufg_I_O)         0.029     1.128 r  clk_IBUF_BUFG_inst/O
                         net (fo=60, routed)          0.856     1.983    U_FND_CNTL/U_CLK_DIV/counter_reg_reg[15]_0
    SLICE_X62Y19         FDCE                                         r  U_FND_CNTL/U_CLK_DIV/counter_reg_reg[10]/C
                         clock pessimism             -0.499     1.484    
    SLICE_X62Y19         FDCE (Hold_fdce_C_D)         0.091     1.575    U_FND_CNTL/U_CLK_DIV/counter_reg_reg[10]
  -------------------------------------------------------------------
                         required time                         -1.575    
                         arrival time                           1.873    
  -------------------------------------------------------------------
                         slack                                  0.298    

Slack (MET) :             0.303ns  (arrival time - required time)
  Source:                 U_FND_CNTL/U_CLK_DIV/counter_reg_reg[0]/C
                            (rising edge-triggered cell FDCE clocked by sys_clk_pin  {rise@0.000ns fall@5.000ns period=10.000ns})
  Destination:            U_FND_CNTL/U_CLK_DIV/counter_reg_reg[0]/D
                            (rising edge-triggered cell FDCE clocked by sys_clk_pin  {rise@0.000ns fall@5.000ns period=10.000ns})
  Path Group:             sys_clk_pin
  Path Type:              Hold (Min at Fast Process Corner)
  Requirement:            0.000ns  (sys_clk_pin rise@0.000ns - sys_clk_pin rise@0.000ns)
  Data Path Delay:        0.394ns  (logic 0.186ns (47.236%)  route 0.208ns (52.764%))
  Logic Levels:           1  (LUT2=1)
  Clock Path Skew:        0.000ns (DCD - SCD - CPR)
    Destination Clock Delay (DCD):    1.982ns
    Source Clock Delay      (SCD):    1.469ns
    Clock Pessimism Removal (CPR):    0.513ns

    Location             Delay type                Incr(ns)  Path(ns)    Netlist Resource(s)
  -------------------------------------------------------------------    -------------------
                         (clock sys_clk_pin rise edge)
                                                      0.000     0.000 r  
    W5                                                0.000     0.000 r  clk (IN)
                         net (fo=0)                   0.000     0.000    clk
    W5                   IBUF (Prop_ibuf_I_O)         0.226     0.226 r  clk_IBUF_inst/O
                         net (fo=1, routed)           0.631     0.858    clk_IBUF
    BUFGCTRL_X0Y0        BUFG (Prop_bufg_I_O)         0.026     0.884 r  clk_IBUF_BUFG_inst/O
                         net (fo=60, routed)          0.586     1.469    U_FND_CNTL/U_CLK_DIV/counter_reg_reg[15]_0
    SLICE_X62Y20         FDCE                                         r  U_FND_CNTL/U_CLK_DIV/counter_reg_reg[0]/C
  -------------------------------------------------------------------    -------------------
    SLICE_X62Y20         FDCE (Prop_fdce_C_Q)         0.141     1.610 f  U_FND_CNTL/U_CLK_DIV/counter_reg_reg[0]/Q
                         net (fo=18, routed)          0.208     1.818    U_FND_CNTL/U_CLK_DIV/counter_reg_reg_n_0_[0]
    SLICE_X62Y20         LUT2 (Prop_lut2_I1_O)        0.045     1.863 r  U_FND_CNTL/U_CLK_DIV/counter_reg[0]_i_1__1/O
                         net (fo=1, routed)           0.000     1.863    U_FND_CNTL/U_CLK_DIV/counter_reg[0]
    SLICE_X62Y20         FDCE                                         r  U_FND_CNTL/U_CLK_DIV/counter_reg_reg[0]/D
  -------------------------------------------------------------------    -------------------

                         (clock sys_clk_pin rise edge)
                                                      0.000     0.000 r  
    W5                                                0.000     0.000 r  clk (IN)
                         net (fo=0)                   0.000     0.000    clk
    W5                   IBUF (Prop_ibuf_I_O)         0.414     0.414 r  clk_IBUF_inst/O
                         net (fo=1, routed)           0.685     1.099    clk_IBUF
    BUFGCTRL_X0Y0        BUFG (Prop_bufg_I_O)         0.029     1.128 r  clk_IBUF_BUFG_inst/O
                         net (fo=60, routed)          0.855     1.982    U_FND_CNTL/U_CLK_DIV/counter_reg_reg[15]_0
    SLICE_X62Y20         FDCE                                         r  U_FND_CNTL/U_CLK_DIV/counter_reg_reg[0]/C
                         clock pessimism             -0.513     1.469    
    SLICE_X62Y20         FDCE (Hold_fdce_C_D)         0.091     1.560    U_FND_CNTL/U_CLK_DIV/counter_reg_reg[0]
  -------------------------------------------------------------------
                         required time                         -1.560    
                         arrival time                           1.863    
  -------------------------------------------------------------------
                         slack                                  0.303    

Slack (MET) :             0.310ns  (arrival time - required time)
  Source:                 U_FND_CNTL/U_CLK_DIV/counter_reg_reg[0]/C
                            (rising edge-triggered cell FDCE clocked by sys_clk_pin  {rise@0.000ns fall@5.000ns period=10.000ns})
  Destination:            U_FND_CNTL/U_CLK_DIV/counter_reg_reg[11]/D
                            (rising edge-triggered cell FDCE clocked by sys_clk_pin  {rise@0.000ns fall@5.000ns period=10.000ns})
  Path Group:             sys_clk_pin
  Path Type:              Hold (Min at Fast Process Corner)
  Requirement:            0.000ns  (sys_clk_pin rise@0.000ns - sys_clk_pin rise@0.000ns)
  Data Path Delay:        0.417ns  (logic 0.186ns (44.633%)  route 0.231ns (55.367%))
  Logic Levels:           1  (LUT3=1)
  Clock Path Skew:        0.015ns (DCD - SCD - CPR)
    Destination Clock Delay (DCD):    1.983ns
    Source Clock Delay      (SCD):    1.469ns
    Clock Pessimism Removal (CPR):    0.499ns

    Location             Delay type                Incr(ns)  Path(ns)    Netlist Resource(s)
  -------------------------------------------------------------------    -------------------
                         (clock sys_clk_pin rise edge)
                                                      0.000     0.000 r  
    W5                                                0.000     0.000 r  clk (IN)
                         net (fo=0)                   0.000     0.000    clk
    W5                   IBUF (Prop_ibuf_I_O)         0.226     0.226 r  clk_IBUF_inst/O
                         net (fo=1, routed)           0.631     0.858    clk_IBUF
    BUFGCTRL_X0Y0        BUFG (Prop_bufg_I_O)         0.026     0.884 r  clk_IBUF_BUFG_inst/O
                         net (fo=60, routed)          0.586     1.469    U_FND_CNTL/U_CLK_DIV/counter_reg_reg[15]_0
    SLICE_X62Y20         FDCE                                         r  U_FND_CNTL/U_CLK_DIV/counter_reg_reg[0]/C
  -------------------------------------------------------------------    -------------------
    SLICE_X62Y20         FDCE (Prop_fdce_C_Q)         0.141     1.610 r  U_FND_CNTL/U_CLK_DIV/counter_reg_reg[0]/Q
                         net (fo=18, routed)          0.231     1.841    U_FND_CNTL/U_CLK_DIV/counter_reg_reg_n_0_[0]
    SLICE_X62Y19         LUT3 (Prop_lut3_I1_O)        0.045     1.886 r  U_FND_CNTL/U_CLK_DIV/counter_reg[11]_i_1__0/O
                         net (fo=1, routed)           0.000     1.886    U_FND_CNTL/U_CLK_DIV/counter_reg[11]
    SLICE_X62Y19         FDCE                                         r  U_FND_CNTL/U_CLK_DIV/counter_reg_reg[11]/D
  -------------------------------------------------------------------    -------------------

                         (clock sys_clk_pin rise edge)
                                                      0.000     0.000 r  
    W5                                                0.000     0.000 r  clk (IN)
                         net (fo=0)                   0.000     0.000    clk
    W5                   IBUF (Prop_ibuf_I_O)         0.414     0.414 r  clk_IBUF_inst/O
                         net (fo=1, routed)           0.685     1.099    clk_IBUF
    BUFGCTRL_X0Y0        BUFG (Prop_bufg_I_O)         0.029     1.128 r  clk_IBUF_BUFG_inst/O
                         net (fo=60, routed)          0.856     1.983    U_FND_CNTL/U_CLK_DIV/counter_reg_reg[15]_0
    SLICE_X62Y19         FDCE                                         r  U_FND_CNTL/U_CLK_DIV/counter_reg_reg[11]/C
                         clock pessimism             -0.499     1.484    
    SLICE_X62Y19         FDCE (Hold_fdce_C_D)         0.092     1.576    U_FND_CNTL/U_CLK_DIV/counter_reg_reg[11]
  -------------------------------------------------------------------
                         required time                         -1.576    
                         arrival time                           1.886    
  -------------------------------------------------------------------
                         slack                                  0.310    

Slack (MET) :             0.315ns  (arrival time - required time)
  Source:                 U_FND_CNTL/U_CLK_DIV/counter_reg_reg[0]/C
                            (rising edge-triggered cell FDCE clocked by sys_clk_pin  {rise@0.000ns fall@5.000ns period=10.000ns})
  Destination:            U_FND_CNTL/U_CLK_DIV/counter_reg_reg[15]/D
                            (rising edge-triggered cell FDCE clocked by sys_clk_pin  {rise@0.000ns fall@5.000ns period=10.000ns})
  Path Group:             sys_clk_pin
  Path Type:              Hold (Min at Fast Process Corner)
  Requirement:            0.000ns  (sys_clk_pin rise@0.000ns - sys_clk_pin rise@0.000ns)
  Data Path Delay:        0.422ns  (logic 0.186ns (44.058%)  route 0.236ns (55.942%))
  Logic Levels:           1  (LUT3=1)
  Clock Path Skew:        0.000ns (DCD - SCD - CPR)
    Destination Clock Delay (DCD):    1.982ns
    Source Clock Delay      (SCD):    1.469ns
    Clock Pessimism Removal (CPR):    0.513ns

    Location             Delay type                Incr(ns)  Path(ns)    Netlist Resource(s)
  -------------------------------------------------------------------    -------------------
                         (clock sys_clk_pin rise edge)
                                                      0.000     0.000 r  
    W5                                                0.000     0.000 r  clk (IN)
                         net (fo=0)                   0.000     0.000    clk
    W5                   IBUF (Prop_ibuf_I_O)         0.226     0.226 r  clk_IBUF_inst/O
                         net (fo=1, routed)           0.631     0.858    clk_IBUF
    BUFGCTRL_X0Y0        BUFG (Prop_bufg_I_O)         0.026     0.884 r  clk_IBUF_BUFG_inst/O
                         net (fo=60, routed)          0.586     1.469    U_FND_CNTL/U_CLK_DIV/counter_reg_reg[15]_0
    SLICE_X62Y20         FDCE                                         r  U_FND_CNTL/U_CLK_DIV/counter_reg_reg[0]/C
  -------------------------------------------------------------------    -------------------
    SLICE_X62Y20         FDCE (Prop_fdce_C_Q)         0.141     1.610 r  U_FND_CNTL/U_CLK_DIV/counter_reg_reg[0]/Q
                         net (fo=18, routed)          0.236     1.846    U_FND_CNTL/U_CLK_DIV/counter_reg_reg_n_0_[0]
    SLICE_X62Y20         LUT3 (Prop_lut3_I1_O)        0.045     1.891 r  U_FND_CNTL/U_CLK_DIV/counter_reg[15]_i_1__0/O
                         net (fo=1, routed)           0.000     1.891    U_FND_CNTL/U_CLK_DIV/counter_reg[15]
    SLICE_X62Y20         FDCE                                         r  U_FND_CNTL/U_CLK_DIV/counter_reg_reg[15]/D
  -------------------------------------------------------------------    -------------------

                         (clock sys_clk_pin rise edge)
                                                      0.000     0.000 r  
    W5                                                0.000     0.000 r  clk (IN)
                         net (fo=0)                   0.000     0.000    clk
    W5                   IBUF (Prop_ibuf_I_O)         0.414     0.414 r  clk_IBUF_inst/O
                         net (fo=1, routed)           0.685     1.099    clk_IBUF
    BUFGCTRL_X0Y0        BUFG (Prop_bufg_I_O)         0.029     1.128 r  clk_IBUF_BUFG_inst/O
                         net (fo=60, routed)          0.855     1.982    U_FND_CNTL/U_CLK_DIV/counter_reg_reg[15]_0
    SLICE_X62Y20         FDCE                                         r  U_FND_CNTL/U_CLK_DIV/counter_reg_reg[15]/C
                         clock pessimism             -0.513     1.469    
    SLICE_X62Y20         FDCE (Hold_fdce_C_D)         0.107     1.576    U_FND_CNTL/U_CLK_DIV/counter_reg_reg[15]
  -------------------------------------------------------------------
                         required time                         -1.576    
                         arrival time                           1.891    
  -------------------------------------------------------------------
                         slack                                  0.315    

Slack (MET) :             0.330ns  (arrival time - required time)
  Source:                 U_FND_CNTL/U_CLK_DIV/counter_reg_reg[0]/C
                            (rising edge-triggered cell FDCE clocked by sys_clk_pin  {rise@0.000ns fall@5.000ns period=10.000ns})
  Destination:            U_FND_CNTL/U_CLK_DIV/counter_reg_reg[14]/D
                            (rising edge-triggered cell FDCE clocked by sys_clk_pin  {rise@0.000ns fall@5.000ns period=10.000ns})
  Path Group:             sys_clk_pin
  Path Type:              Hold (Min at Fast Process Corner)
  Requirement:            0.000ns  (sys_clk_pin rise@0.000ns - sys_clk_pin rise@0.000ns)
  Data Path Delay:        0.422ns  (logic 0.186ns (44.058%)  route 0.236ns (55.942%))
  Logic Levels:           1  (LUT3=1)
  Clock Path Skew:        0.000ns (DCD - SCD - CPR)
    Destination Clock Delay (DCD):    1.982ns
    Source Clock Delay      (SCD):    1.469ns
    Clock Pessimism Removal (CPR):    0.513ns

    Location             Delay type                Incr(ns)  Path(ns)    Netlist Resource(s)
  -------------------------------------------------------------------    -------------------
                         (clock sys_clk_pin rise edge)
                                                      0.000     0.000 r  
    W5                                                0.000     0.000 r  clk (IN)
                         net (fo=0)                   0.000     0.000    clk
    W5                   IBUF (Prop_ibuf_I_O)         0.226     0.226 r  clk_IBUF_inst/O
                         net (fo=1, routed)           0.631     0.858    clk_IBUF
    BUFGCTRL_X0Y0        BUFG (Prop_bufg_I_O)         0.026     0.884 r  clk_IBUF_BUFG_inst/O
                         net (fo=60, routed)          0.586     1.469    U_FND_CNTL/U_CLK_DIV/counter_reg_reg[15]_0
    SLICE_X62Y20         FDCE                                         r  U_FND_CNTL/U_CLK_DIV/counter_reg_reg[0]/C
  -------------------------------------------------------------------    -------------------
    SLICE_X62Y20         FDCE (Prop_fdce_C_Q)         0.141     1.610 r  U_FND_CNTL/U_CLK_DIV/counter_reg_reg[0]/Q
                         net (fo=18, routed)          0.236     1.846    U_FND_CNTL/U_CLK_DIV/counter_reg_reg_n_0_[0]
    SLICE_X62Y20         LUT3 (Prop_lut3_I1_O)        0.045     1.891 r  U_FND_CNTL/U_CLK_DIV/counter_reg[14]_i_1__0/O
                         net (fo=1, routed)           0.000     1.891    U_FND_CNTL/U_CLK_DIV/counter_reg[14]
    SLICE_X62Y20         FDCE                                         r  U_FND_CNTL/U_CLK_DIV/counter_reg_reg[14]/D
  -------------------------------------------------------------------    -------------------

                         (clock sys_clk_pin rise edge)
                                                      0.000     0.000 r  
    W5                                                0.000     0.000 r  clk (IN)
                         net (fo=0)                   0.000     0.000    clk
    W5                   IBUF (Prop_ibuf_I_O)         0.414     0.414 r  clk_IBUF_inst/O
                         net (fo=1, routed)           0.685     1.099    clk_IBUF
    BUFGCTRL_X0Y0        BUFG (Prop_bufg_I_O)         0.029     1.128 r  clk_IBUF_BUFG_inst/O
                         net (fo=60, routed)          0.855     1.982    U_FND_CNTL/U_CLK_DIV/counter_reg_reg[15]_0
    SLICE_X62Y20         FDCE                                         r  U_FND_CNTL/U_CLK_DIV/counter_reg_reg[14]/C
                         clock pessimism             -0.513     1.469    
    SLICE_X62Y20         FDCE (Hold_fdce_C_D)         0.092     1.561    U_FND_CNTL/U_CLK_DIV/counter_reg_reg[14]
  -------------------------------------------------------------------
                         required time                         -1.561    
                         arrival time                           1.891    
  -------------------------------------------------------------------
                         slack                                  0.330    

Slack (MET) :             0.376ns  (arrival time - required time)
  Source:                 U_FND_CNTL/U_CLK_DIV/counter_reg_reg[0]/C
                            (rising edge-triggered cell FDCE clocked by sys_clk_pin  {rise@0.000ns fall@5.000ns period=10.000ns})
  Destination:            U_FND_CNTL/U_CLK_DIV/counter_reg_reg[8]/D
                            (rising edge-triggered cell FDCE clocked by sys_clk_pin  {rise@0.000ns fall@5.000ns period=10.000ns})
  Path Group:             sys_clk_pin
  Path Type:              Hold (Min at Fast Process Corner)
  Requirement:            0.000ns  (sys_clk_pin rise@0.000ns - sys_clk_pin rise@0.000ns)
  Data Path Delay:        0.499ns  (logic 0.186ns (37.241%)  route 0.313ns (62.759%))
  Logic Levels:           1  (LUT3=1)
  Clock Path Skew:        0.016ns (DCD - SCD - CPR)
    Destination Clock Delay (DCD):    1.984ns
    Source Clock Delay      (SCD):    1.469ns
    Clock Pessimism Removal (CPR):    0.499ns

    Location             Delay type                Incr(ns)  Path(ns)    Netlist Resource(s)
  -------------------------------------------------------------------    -------------------
                         (clock sys_clk_pin rise edge)
                                                      0.000     0.000 r  
    W5                                                0.000     0.000 r  clk (IN)
                         net (fo=0)                   0.000     0.000    clk
    W5                   IBUF (Prop_ibuf_I_O)         0.226     0.226 r  clk_IBUF_inst/O
                         net (fo=1, routed)           0.631     0.858    clk_IBUF
    BUFGCTRL_X0Y0        BUFG (Prop_bufg_I_O)         0.026     0.884 r  clk_IBUF_BUFG_inst/O
                         net (fo=60, routed)          0.586     1.469    U_FND_CNTL/U_CLK_DIV/counter_reg_reg[15]_0
    SLICE_X62Y20         FDCE                                         r  U_FND_CNTL/U_CLK_DIV/counter_reg_reg[0]/C
  -------------------------------------------------------------------    -------------------
    SLICE_X62Y20         FDCE (Prop_fdce_C_Q)         0.141     1.610 r  U_FND_CNTL/U_CLK_DIV/counter_reg_reg[0]/Q
                         net (fo=18, routed)          0.313     1.924    U_FND_CNTL/U_CLK_DIV/counter_reg_reg_n_0_[0]
    SLICE_X62Y18         LUT3 (Prop_lut3_I1_O)        0.045     1.969 r  U_FND_CNTL/U_CLK_DIV/counter_reg[8]_i_1__0/O
                         net (fo=1, routed)           0.000     1.969    U_FND_CNTL/U_CLK_DIV/counter_reg[8]
    SLICE_X62Y18         FDCE                                         r  U_FND_CNTL/U_CLK_DIV/counter_reg_reg[8]/D
  -------------------------------------------------------------------    -------------------

                         (clock sys_clk_pin rise edge)
                                                      0.000     0.000 r  
    W5                                                0.000     0.000 r  clk (IN)
                         net (fo=0)                   0.000     0.000    clk
    W5                   IBUF (Prop_ibuf_I_O)         0.414     0.414 r  clk_IBUF_inst/O
                         net (fo=1, routed)           0.685     1.099    clk_IBUF
    BUFGCTRL_X0Y0        BUFG (Prop_bufg_I_O)         0.029     1.128 r  clk_IBUF_BUFG_inst/O
                         net (fo=60, routed)          0.857     1.984    U_FND_CNTL/U_CLK_DIV/counter_reg_reg[15]_0
    SLICE_X62Y18         FDCE                                         r  U_FND_CNTL/U_CLK_DIV/counter_reg_reg[8]/C
                         clock pessimism             -0.499     1.485    
    SLICE_X62Y18         FDCE (Hold_fdce_C_D)         0.107     1.592    U_FND_CNTL/U_CLK_DIV/counter_reg_reg[8]
  -------------------------------------------------------------------
                         required time                         -1.592    
                         arrival time                           1.969    
  -------------------------------------------------------------------
                         slack                                  0.376    





Pulse Width Checks
--------------------------------------------------------------------------------------
Clock Name:         sys_clk_pin
Waveform(ns):       { 0.000 5.000 }
Period(ns):         10.000
Sources:            { clk }

Check Type        Corner  Lib Pin  Reference Pin  Required(ns)  Actual(ns)  Slack(ns)  Location       Pin
Min Period        n/a     BUFG/I   n/a            2.155         10.000      7.845      BUFGCTRL_X0Y0  clk_IBUF_BUFG_inst/I
Min Period        n/a     FDPE/C   n/a            1.000         10.000      9.000      SLICE_X56Y13   U_DATAPATH_100000/U_COUNTER_10000/tick_counter_reg_reg[13]_P/C
Min Period        n/a     FDCE/C   n/a            1.000         10.000      9.000      SLICE_X56Y12   U_DATAPATH_100000/U_COUNTER_10000/tick_counter_reg_reg[1]_C/C
Min Period        n/a     FDPE/C   n/a            1.000         10.000      9.000      SLICE_X56Y11   U_DATAPATH_100000/U_COUNTER_10000/tick_counter_reg_reg[1]_P/C
Min Period        n/a     FDCE/C   n/a            1.000         10.000      9.000      SLICE_X56Y12   U_DATAPATH_100000/U_COUNTER_10000/tick_counter_reg_reg[2]_C/C
Min Period        n/a     FDPE/C   n/a            1.000         10.000      9.000      SLICE_X56Y11   U_DATAPATH_100000/U_COUNTER_10000/tick_counter_reg_reg[2]_P/C
Min Period        n/a     FDCE/C   n/a            1.000         10.000      9.000      SLICE_X57Y13   U_DATAPATH_100000/U_COUNTER_10000/tick_counter_reg_reg[3]_C/C
Min Period        n/a     FDPE/C   n/a            1.000         10.000      9.000      SLICE_X56Y13   U_DATAPATH_100000/U_COUNTER_10000/tick_counter_reg_reg[3]_P/C
Min Period        n/a     FDCE/C   n/a            1.000         10.000      9.000      SLICE_X57Y11   U_DATAPATH_100000/U_COUNTER_10000/tick_counter_reg_reg[4]/C
Min Period        n/a     FDCE/C   n/a            1.000         10.000      9.000      SLICE_X57Y11   U_DATAPATH_100000/U_COUNTER_10000/tick_counter_reg_reg[5]/C
Low Pulse Width   Slow    FDCE/C   n/a            0.500         5.000       4.500      SLICE_X55Y14   U_DATAPATH_100000/U_COUNTER_10000/tick_counter_reg_reg[10]_C/C
Low Pulse Width   Slow    FDPE/C   n/a            0.500         5.000       4.500      SLICE_X54Y13   U_DATAPATH_100000/U_COUNTER_10000/tick_counter_reg_reg[10]_P/C
Low Pulse Width   Slow    FDCE/C   n/a            0.500         5.000       4.500      SLICE_X55Y13   U_DATAPATH_100000/U_TICK_GEN/counter_reg_reg[14]/C
Low Pulse Width   Slow    FDCE/C   n/a            0.500         5.000       4.500      SLICE_X55Y13   U_DATAPATH_100000/U_TICK_GEN/counter_reg_reg[15]/C
Low Pulse Width   Slow    FDCE/C   n/a            0.500         5.000       4.500      SLICE_X55Y13   U_DATAPATH_100000/U_TICK_GEN/counter_reg_reg[16]/C
Low Pulse Width   Slow    FDCE/C   n/a            0.500         5.000       4.500      SLICE_X55Y13   U_DATAPATH_100000/U_TICK_GEN/counter_reg_reg[17]/C
Low Pulse Width   Slow    FDCE/C   n/a            0.500         5.000       4.500      SLICE_X55Y13   U_DATAPATH_100000/U_TICK_GEN/counter_reg_reg[18]/C
Low Pulse Width   Slow    FDCE/C   n/a            0.500         5.000       4.500      SLICE_X55Y13   U_DATAPATH_100000/U_TICK_GEN/counter_reg_reg[19]/C
Low Pulse Width   Slow    FDPE/C   n/a            0.500         5.000       4.500      SLICE_X56Y13   U_DATAPATH_100000/U_COUNTER_10000/tick_counter_reg_reg[13]_P/C
Low Pulse Width   Fast    FDCE/C   n/a            0.500         5.000       4.500      SLICE_X56Y12   U_DATAPATH_100000/U_COUNTER_10000/tick_counter_reg_reg[1]_C/C
High Pulse Width  Slow    FDCE/C   n/a            0.500         5.000       4.500      SLICE_X56Y12   U_DATAPATH_100000/U_COUNTER_10000/tick_counter_reg_reg[1]_C/C
High Pulse Width  Slow    FDPE/C   n/a            0.500         5.000       4.500      SLICE_X56Y11   U_DATAPATH_100000/U_COUNTER_10000/tick_counter_reg_reg[1]_P/C
High Pulse Width  Slow    FDCE/C   n/a            0.500         5.000       4.500      SLICE_X56Y12   U_DATAPATH_100000/U_COUNTER_10000/tick_counter_reg_reg[2]_C/C
High Pulse Width  Slow    FDPE/C   n/a            0.500         5.000       4.500      SLICE_X56Y11   U_DATAPATH_100000/U_COUNTER_10000/tick_counter_reg_reg[2]_P/C
High Pulse Width  Slow    FDCE/C   n/a            0.500         5.000       4.500      SLICE_X57Y11   U_DATAPATH_100000/U_COUNTER_10000/tick_counter_reg_reg[4]/C
High Pulse Width  Slow    FDCE/C   n/a            0.500         5.000       4.500      SLICE_X57Y11   U_DATAPATH_100000/U_COUNTER_10000/tick_counter_reg_reg[5]/C
High Pulse Width  Slow    FDCE/C   n/a            0.500         5.000       4.500      SLICE_X57Y12   U_DATAPATH_100000/U_COUNTER_10000/tick_counter_reg_reg[6]/C
High Pulse Width  Slow    FDCE/C   n/a            0.500         5.000       4.500      SLICE_X57Y11   U_DATAPATH_100000/U_COUNTER_10000/tick_counter_reg_reg[7]/C
High Pulse Width  Slow    FDCE/C   n/a            0.500         5.000       4.500      SLICE_X55Y9    U_DATAPATH_100000/U_TICK_GEN/counter_reg_reg[0]/C
High Pulse Width  Slow    FDCE/C   n/a            0.500         5.000       4.500      SLICE_X55Y12   U_DATAPATH_100000/U_TICK_GEN/counter_reg_reg[10]/C



