Copyright 1986-2020 Xilinx, Inc. All Rights Reserved.
--------------------------------------------------------------------------------------------------------------------------------------------------------------------------------------------------
| Tool Version : Vivado v.2020.2 (win64) Build 3064766 Wed Nov 18 09:12:45 MST 2020
| Date         : Tue Jul 21 16:07:16 2026
| Host         : DESKTOP-7CFQ9ND running 64-bit major release  (build 9200)
| Command      : report_timing_summary -max_paths 10 -file adder_fnd_timing_summary_routed.rpt -pb adder_fnd_timing_summary_routed.pb -rpx adder_fnd_timing_summary_routed.rpx -warn_on_violation
| Design       : adder_fnd
| Device       : 7a35t-cpg236
| Speed File   : -1  PRODUCTION 1.23 2018-06-13
--------------------------------------------------------------------------------------------------------------------------------------------------------------------------------------------------

Timing Summary Report

------------------------------------------------------------------------------------------------
| Timer Settings
| --------------
------------------------------------------------------------------------------------------------

  Enable Multi Corner Analysis               :  Yes
  Enable Pessimism Removal                   :  Yes
  Pessimism Removal Resolution               :  Nearest Common Node
  Enable Input Delay Default Clock           :  No
  Enable Preset / Clear Arcs                 :  No
  Disable Flight Delays                      :  No
  Ignore I/O Paths                           :  No
  Timing Early Launch at Borrowing Latches   :  No
  Borrow Time for Max Delay Exceptions       :  Yes
  Merge Timing Exceptions                    :  Yes

  Corner  Analyze    Analyze    
  Name    Max Paths  Min Paths  
  ------  ---------  ---------  
  Slow    Yes        Yes        
  Fast    Yes        Yes        



check_timing report

Table of Contents
-----------------
1. checking no_clock (2)
2. checking constant_clock (0)
3. checking pulse_width_clock (0)
4. checking unconstrained_internal_endpoints (4)
5. checking no_input_delay (1)
6. checking no_output_delay (11)
7. checking multiple_clock (0)
8. checking generated_clocks (0)
9. checking loops (0)
10. checking partial_input_delay (0)
11. checking partial_output_delay (0)
12. checking latch_loops (0)

1. checking no_clock (2)
------------------------
 There are 2 register/latch pins with no clock driven by root clock pin: U_FND_CNTL/U_CLK_DIV/clk_reg_reg/Q (HIGH)


2. checking constant_clock (0)
------------------------------
 There are 0 register/latch pins with constant_clock.


3. checking pulse_width_clock (0)
---------------------------------
 There are 0 register/latch pins which need pulse_width check


4. checking unconstrained_internal_endpoints (4)
------------------------------------------------
 There are 4 pins that are not constrained for maximum delay. (HIGH)

 There are 0 pins that are not constrained for maximum delay due to constant clock.


5. checking no_input_delay (1)
------------------------------
 There is 1 input port with no input delay specified. (HIGH)

 There are 0 input ports with no input delay but user has a false path constraint.


6. checking no_output_delay (11)
--------------------------------
 There are 11 ports with no output delay specified. (HIGH)

 There are 0 ports with no output delay but user has a false path constraint

 There are 0 ports with no output delay but with a timing clock defined on it or propagating through it


7. checking multiple_clock (0)
------------------------------
 There are 0 register/latch pins with multiple clocks.


8. checking generated_clocks (0)
--------------------------------
 There are 0 generated clocks that are not connected to a clock source.


9. checking loops (0)
---------------------
 There are 0 combinational loops in the design.


10. checking partial_input_delay (0)
------------------------------------
 There are 0 input ports with partial input delay specified.


11. checking partial_output_delay (0)
-------------------------------------
 There are 0 ports with partial output delay specified.


12. checking latch_loops (0)
----------------------------
 There are 0 combinational latch loops in the design through latch input



------------------------------------------------------------------------------------------------
| Design Timing Summary
| ---------------------
------------------------------------------------------------------------------------------------

    WNS(ns)      TNS(ns)  TNS Failing Endpoints  TNS Total Endpoints      WHS(ns)      THS(ns)  THS Failing Endpoints  THS Total Endpoints     WPWS(ns)     TPWS(ns)  TPWS Failing Endpoints  TPWS Total Endpoints  
    -------      -------  ---------------------  -------------------      -------      -------  ---------------------  -------------------     --------     --------  ----------------------  --------------------  
      6.018        0.000                      0                   17        0.263        0.000                      0                   17        4.500        0.000                       0                    18  


All user specified timing constraints are met.


------------------------------------------------------------------------------------------------
| Clock Summary
| -------------
------------------------------------------------------------------------------------------------

Clock        Waveform(ns)       Period(ns)      Frequency(MHz)
-----        ------------       ----------      --------------
sys_clk_pin  {0.000 5.000}      10.000          100.000         


------------------------------------------------------------------------------------------------
| Intra Clock Table
| -----------------
------------------------------------------------------------------------------------------------

Clock             WNS(ns)      TNS(ns)  TNS Failing Endpoints  TNS Total Endpoints      WHS(ns)      THS(ns)  THS Failing Endpoints  THS Total Endpoints     WPWS(ns)     TPWS(ns)  TPWS Failing Endpoints  TPWS Total Endpoints  
-----             -------      -------  ---------------------  -------------------      -------      -------  ---------------------  -------------------     --------     --------  ----------------------  --------------------  
sys_clk_pin         6.018        0.000                      0                   17        0.263        0.000                      0                   17        4.500        0.000                       0                    18  


------------------------------------------------------------------------------------------------
| Inter Clock Table
| -----------------
------------------------------------------------------------------------------------------------

From Clock    To Clock          WNS(ns)      TNS(ns)  TNS Failing Endpoints  TNS Total Endpoints      WHS(ns)      THS(ns)  THS Failing Endpoints  THS Total Endpoints  
----------    --------          -------      -------  ---------------------  -------------------      -------      -------  ---------------------  -------------------  


------------------------------------------------------------------------------------------------
| Other Path Groups Table
| -----------------------
------------------------------------------------------------------------------------------------

Path Group    From Clock    To Clock          WNS(ns)      TNS(ns)  TNS Failing Endpoints  TNS Total Endpoints      WHS(ns)      THS(ns)  THS Failing Endpoints  THS Total Endpoints  
----------    ----------    --------          -------      -------  ---------------------  -------------------      -------      -------  ---------------------  -------------------  


------------------------------------------------------------------------------------------------
| Timing Details
| --------------
------------------------------------------------------------------------------------------------


---------------------------------------------------------------------------------------------------
From Clock:  sys_clk_pin
  To Clock:  sys_clk_pin

Setup :            0  Failing Endpoints,  Worst Slack        6.018ns,  Total Violation        0.000ns
Hold  :            0  Failing Endpoints,  Worst Slack        0.263ns,  Total Violation        0.000ns
PW    :            0  Failing Endpoints,  Worst Slack        4.500ns,  Total Violation        0.000ns
---------------------------------------------------------------------------------------------------


Max Delay Paths
--------------------------------------------------------------------------------------
Slack (MET) :             6.018ns  (required time - arrival time)
  Source:                 U_FND_CNTL/U_CLK_DIV/counter_reg_reg[5]/C
                            (rising edge-triggered cell FDCE clocked by sys_clk_pin  {rise@0.000ns fall@5.000ns period=10.000ns})
  Destination:            U_FND_CNTL/U_CLK_DIV/counter_reg_reg[11]/D
                            (rising edge-triggered cell FDCE clocked by sys_clk_pin  {rise@0.000ns fall@5.000ns period=10.000ns})
  Path Group:             sys_clk_pin
  Path Type:              Setup (Max at Slow Process Corner)
  Requirement:            10.000ns  (sys_clk_pin rise@10.000ns - sys_clk_pin rise@0.000ns)
  Data Path Delay:        3.958ns  (logic 0.964ns (24.353%)  route 2.994ns (75.647%))
  Logic Levels:           3  (LUT2=1 LUT4=1 LUT6=1)
  Clock Path Skew:        -0.019ns (DCD - SCD + CPR)
    Destination Clock Delay (DCD):    4.845ns = ( 14.845 - 10.000 ) 
    Source Clock Delay      (SCD):    5.138ns
    Clock Pessimism Removal (CPR):    0.274ns
  Clock Uncertainty:      0.035ns  ((TSJ^2 + TIJ^2)^1/2 + DJ) / 2 + PE
    Total System Jitter     (TSJ):    0.071ns
    Total Input Jitter      (TIJ):    0.000ns
    Discrete Jitter          (DJ):    0.000ns
    Phase Error              (PE):    0.000ns

    Location             Delay type                Incr(ns)  Path(ns)    Netlist Resource(s)
  -------------------------------------------------------------------    -------------------
                         (clock sys_clk_pin rise edge)
                                                      0.000     0.000 r  
    W5                                                0.000     0.000 r  clk (IN)
                         net (fo=0)                   0.000     0.000    clk
    W5                   IBUF (Prop_ibuf_I_O)         1.458     1.458 r  clk_IBUF_inst/O
                         net (fo=1, routed)           1.967     3.425    clk_IBUF
    BUFGCTRL_X0Y0        BUFG (Prop_bufg_I_O)         0.096     3.521 r  clk_IBUF_BUFG_inst/O
                         net (fo=17, routed)          1.617     5.138    U_FND_CNTL/U_CLK_DIV/counter_reg_reg[15]_0
    SLICE_X61Y25         FDCE                                         r  U_FND_CNTL/U_CLK_DIV/counter_reg_reg[5]/C
  -------------------------------------------------------------------    -------------------
    SLICE_X61Y25         FDCE (Prop_fdce_C_Q)         0.419     5.557 r  U_FND_CNTL/U_CLK_DIV/counter_reg_reg[5]/Q
                         net (fo=2, routed)           1.004     6.562    U_FND_CNTL/U_CLK_DIV/counter_reg[5]
    SLICE_X61Y26         LUT4 (Prop_lut4_I0_O)        0.297     6.859 r  U_FND_CNTL/U_CLK_DIV/counter_reg[15]_i_3/O
                         net (fo=1, routed)           0.829     7.688    U_FND_CNTL/U_CLK_DIV/counter_reg[15]_i_3_n_0
    SLICE_X62Y25         LUT6 (Prop_lut6_I0_O)        0.124     7.812 r  U_FND_CNTL/U_CLK_DIV/counter_reg[15]_i_2/O
                         net (fo=16, routed)          1.161     8.973    U_FND_CNTL/U_CLK_DIV/counter_reg[15]_i_2_n_0
    SLICE_X61Y27         LUT2 (Prop_lut2_I0_O)        0.124     9.097 r  U_FND_CNTL/U_CLK_DIV/counter_reg[11]_i_1/O
                         net (fo=1, routed)           0.000     9.097    U_FND_CNTL/U_CLK_DIV/counter_reg_0[11]
    SLICE_X61Y27         FDCE                                         r  U_FND_CNTL/U_CLK_DIV/counter_reg_reg[11]/D
  -------------------------------------------------------------------    -------------------

                         (clock sys_clk_pin rise edge)
                                                     10.000    10.000 r  
    W5                                                0.000    10.000 r  clk (IN)
                         net (fo=0)                   0.000    10.000    clk
    W5                   IBUF (Prop_ibuf_I_O)         1.388    11.388 r  clk_IBUF_inst/O
                         net (fo=1, routed)           1.862    13.250    clk_IBUF
    BUFGCTRL_X0Y0        BUFG (Prop_bufg_I_O)         0.091    13.341 r  clk_IBUF_BUFG_inst/O
                         net (fo=17, routed)          1.504    14.845    U_FND_CNTL/U_CLK_DIV/counter_reg_reg[15]_0
    SLICE_X61Y27         FDCE                                         r  U_FND_CNTL/U_CLK_DIV/counter_reg_reg[11]/C
                         clock pessimism              0.274    15.119    
                         clock uncertainty           -0.035    15.084    
    SLICE_X61Y27         FDCE (Setup_fdce_C_D)        0.031    15.115    U_FND_CNTL/U_CLK_DIV/counter_reg_reg[11]
  -------------------------------------------------------------------
                         required time                         15.115    
                         arrival time                          -9.097    
  -------------------------------------------------------------------
                         slack                                  6.018    

Slack (MET) :             6.034ns  (required time - arrival time)
  Source:                 U_FND_CNTL/U_CLK_DIV/counter_reg_reg[5]/C
                            (rising edge-triggered cell FDCE clocked by sys_clk_pin  {rise@0.000ns fall@5.000ns period=10.000ns})
  Destination:            U_FND_CNTL/U_CLK_DIV/counter_reg_reg[12]/D
                            (rising edge-triggered cell FDCE clocked by sys_clk_pin  {rise@0.000ns fall@5.000ns period=10.000ns})
  Path Group:             sys_clk_pin
  Path Type:              Setup (Max at Slow Process Corner)
  Requirement:            10.000ns  (sys_clk_pin rise@10.000ns - sys_clk_pin rise@0.000ns)
  Data Path Delay:        3.986ns  (logic 0.992ns (24.884%)  route 2.994ns (75.116%))
  Logic Levels:           3  (LUT2=1 LUT4=1 LUT6=1)
  Clock Path Skew:        -0.019ns (DCD - SCD + CPR)
    Destination Clock Delay (DCD):    4.845ns = ( 14.845 - 10.000 ) 
    Source Clock Delay      (SCD):    5.138ns
    Clock Pessimism Removal (CPR):    0.274ns
  Clock Uncertainty:      0.035ns  ((TSJ^2 + TIJ^2)^1/2 + DJ) / 2 + PE
    Total System Jitter     (TSJ):    0.071ns
    Total Input Jitter      (TIJ):    0.000ns
    Discrete Jitter          (DJ):    0.000ns
    Phase Error              (PE):    0.000ns

    Location             Delay type                Incr(ns)  Path(ns)    Netlist Resource(s)
  -------------------------------------------------------------------    -------------------
                         (clock sys_clk_pin rise edge)
                                                      0.000     0.000 r  
    W5                                                0.000     0.000 r  clk (IN)
                         net (fo=0)                   0.000     0.000    clk
    W5                   IBUF (Prop_ibuf_I_O)         1.458     1.458 r  clk_IBUF_inst/O
                         net (fo=1, routed)           1.967     3.425    clk_IBUF
    BUFGCTRL_X0Y0        BUFG (Prop_bufg_I_O)         0.096     3.521 r  clk_IBUF_BUFG_inst/O
                         net (fo=17, routed)          1.617     5.138    U_FND_CNTL/U_CLK_DIV/counter_reg_reg[15]_0
    SLICE_X61Y25         FDCE                                         r  U_FND_CNTL/U_CLK_DIV/counter_reg_reg[5]/C
  -------------------------------------------------------------------    -------------------
    SLICE_X61Y25         FDCE (Prop_fdce_C_Q)         0.419     5.557 r  U_FND_CNTL/U_CLK_DIV/counter_reg_reg[5]/Q
                         net (fo=2, routed)           1.004     6.562    U_FND_CNTL/U_CLK_DIV/counter_reg[5]
    SLICE_X61Y26         LUT4 (Prop_lut4_I0_O)        0.297     6.859 r  U_FND_CNTL/U_CLK_DIV/counter_reg[15]_i_3/O
                         net (fo=1, routed)           0.829     7.688    U_FND_CNTL/U_CLK_DIV/counter_reg[15]_i_3_n_0
    SLICE_X62Y25         LUT6 (Prop_lut6_I0_O)        0.124     7.812 r  U_FND_CNTL/U_CLK_DIV/counter_reg[15]_i_2/O
                         net (fo=16, routed)          1.161     8.973    U_FND_CNTL/U_CLK_DIV/counter_reg[15]_i_2_n_0
    SLICE_X61Y27         LUT2 (Prop_lut2_I0_O)        0.152     9.125 r  U_FND_CNTL/U_CLK_DIV/counter_reg[12]_i_1/O
                         net (fo=1, routed)           0.000     9.125    U_FND_CNTL/U_CLK_DIV/counter_reg_0[12]
    SLICE_X61Y27         FDCE                                         r  U_FND_CNTL/U_CLK_DIV/counter_reg_reg[12]/D
  -------------------------------------------------------------------    -------------------

                         (clock sys_clk_pin rise edge)
                                                     10.000    10.000 r  
    W5                                                0.000    10.000 r  clk (IN)
                         net (fo=0)                   0.000    10.000    clk
    W5                   IBUF (Prop_ibuf_I_O)         1.388    11.388 r  clk_IBUF_inst/O
                         net (fo=1, routed)           1.862    13.250    clk_IBUF
    BUFGCTRL_X0Y0        BUFG (Prop_bufg_I_O)         0.091    13.341 r  clk_IBUF_BUFG_inst/O
                         net (fo=17, routed)          1.504    14.845    U_FND_CNTL/U_CLK_DIV/counter_reg_reg[15]_0
    SLICE_X61Y27         FDCE                                         r  U_FND_CNTL/U_CLK_DIV/counter_reg_reg[12]/C
                         clock pessimism              0.274    15.119    
                         clock uncertainty           -0.035    15.084    
    SLICE_X61Y27         FDCE (Setup_fdce_C_D)        0.075    15.159    U_FND_CNTL/U_CLK_DIV/counter_reg_reg[12]
  -------------------------------------------------------------------
                         required time                         15.159    
                         arrival time                          -9.125    
  -------------------------------------------------------------------
                         slack                                  6.034    

Slack (MET) :             6.255ns  (required time - arrival time)
  Source:                 U_FND_CNTL/U_CLK_DIV/counter_reg_reg[5]/C
                            (rising edge-triggered cell FDCE clocked by sys_clk_pin  {rise@0.000ns fall@5.000ns period=10.000ns})
  Destination:            U_FND_CNTL/U_CLK_DIV/counter_reg_reg[14]/D
                            (rising edge-triggered cell FDCE clocked by sys_clk_pin  {rise@0.000ns fall@5.000ns period=10.000ns})
  Path Group:             sys_clk_pin
  Path Type:              Setup (Max at Slow Process Corner)
  Requirement:            10.000ns  (sys_clk_pin rise@10.000ns - sys_clk_pin rise@0.000ns)
  Data Path Delay:        3.721ns  (logic 0.964ns (25.904%)  route 2.757ns (74.096%))
  Logic Levels:           3  (LUT2=1 LUT4=1 LUT6=1)
  Clock Path Skew:        -0.019ns (DCD - SCD + CPR)
    Destination Clock Delay (DCD):    4.845ns = ( 14.845 - 10.000 ) 
    Source Clock Delay      (SCD):    5.138ns
    Clock Pessimism Removal (CPR):    0.274ns
  Clock Uncertainty:      0.035ns  ((TSJ^2 + TIJ^2)^1/2 + DJ) / 2 + PE
    Total System Jitter     (TSJ):    0.071ns
    Total Input Jitter      (TIJ):    0.000ns
    Discrete Jitter          (DJ):    0.000ns
    Phase Error              (PE):    0.000ns

    Location             Delay type                Incr(ns)  Path(ns)    Netlist Resource(s)
  -------------------------------------------------------------------    -------------------
                         (clock sys_clk_pin rise edge)
                                                      0.000     0.000 r  
    W5                                                0.000     0.000 r  clk (IN)
                         net (fo=0)                   0.000     0.000    clk
    W5                   IBUF (Prop_ibuf_I_O)         1.458     1.458 r  clk_IBUF_inst/O
                         net (fo=1, routed)           1.967     3.425    clk_IBUF
    BUFGCTRL_X0Y0        BUFG (Prop_bufg_I_O)         0.096     3.521 r  clk_IBUF_BUFG_inst/O
                         net (fo=17, routed)          1.617     5.138    U_FND_CNTL/U_CLK_DIV/counter_reg_reg[15]_0
    SLICE_X61Y25         FDCE                                         r  U_FND_CNTL/U_CLK_DIV/counter_reg_reg[5]/C
  -------------------------------------------------------------------    -------------------
    SLICE_X61Y25         FDCE (Prop_fdce_C_Q)         0.419     5.557 r  U_FND_CNTL/U_CLK_DIV/counter_reg_reg[5]/Q
                         net (fo=2, routed)           1.004     6.562    U_FND_CNTL/U_CLK_DIV/counter_reg[5]
    SLICE_X61Y26         LUT4 (Prop_lut4_I0_O)        0.297     6.859 r  U_FND_CNTL/U_CLK_DIV/counter_reg[15]_i_3/O
                         net (fo=1, routed)           0.829     7.688    U_FND_CNTL/U_CLK_DIV/counter_reg[15]_i_3_n_0
    SLICE_X62Y25         LUT6 (Prop_lut6_I0_O)        0.124     7.812 r  U_FND_CNTL/U_CLK_DIV/counter_reg[15]_i_2/O
                         net (fo=16, routed)          0.924     8.736    U_FND_CNTL/U_CLK_DIV/counter_reg[15]_i_2_n_0
    SLICE_X61Y27         LUT2 (Prop_lut2_I0_O)        0.124     8.860 r  U_FND_CNTL/U_CLK_DIV/counter_reg[14]_i_1/O
                         net (fo=1, routed)           0.000     8.860    U_FND_CNTL/U_CLK_DIV/counter_reg_0[14]
    SLICE_X61Y27         FDCE                                         r  U_FND_CNTL/U_CLK_DIV/counter_reg_reg[14]/D
  -------------------------------------------------------------------    -------------------

                         (clock sys_clk_pin rise edge)
                                                     10.000    10.000 r  
    W5                                                0.000    10.000 r  clk (IN)
                         net (fo=0)                   0.000    10.000    clk
    W5                   IBUF (Prop_ibuf_I_O)         1.388    11.388 r  clk_IBUF_inst/O
                         net (fo=1, routed)           1.862    13.250    clk_IBUF
    BUFGCTRL_X0Y0        BUFG (Prop_bufg_I_O)         0.091    13.341 r  clk_IBUF_BUFG_inst/O
                         net (fo=17, routed)          1.504    14.845    U_FND_CNTL/U_CLK_DIV/counter_reg_reg[15]_0
    SLICE_X61Y27         FDCE                                         r  U_FND_CNTL/U_CLK_DIV/counter_reg_reg[14]/C
                         clock pessimism              0.274    15.119    
                         clock uncertainty           -0.035    15.084    
    SLICE_X61Y27         FDCE (Setup_fdce_C_D)        0.031    15.115    U_FND_CNTL/U_CLK_DIV/counter_reg_reg[14]
  -------------------------------------------------------------------
                         required time                         15.115    
                         arrival time                          -8.860    
  -------------------------------------------------------------------
                         slack                                  6.255    

Slack (MET) :             6.270ns  (required time - arrival time)
  Source:                 U_FND_CNTL/U_CLK_DIV/counter_reg_reg[5]/C
                            (rising edge-triggered cell FDCE clocked by sys_clk_pin  {rise@0.000ns fall@5.000ns period=10.000ns})
  Destination:            U_FND_CNTL/U_CLK_DIV/counter_reg_reg[15]/D
                            (rising edge-triggered cell FDCE clocked by sys_clk_pin  {rise@0.000ns fall@5.000ns period=10.000ns})
  Path Group:             sys_clk_pin
  Path Type:              Setup (Max at Slow Process Corner)
  Requirement:            10.000ns  (sys_clk_pin rise@10.000ns - sys_clk_pin rise@0.000ns)
  Data Path Delay:        3.750ns  (logic 0.993ns (26.476%)  route 2.757ns (73.523%))
  Logic Levels:           3  (LUT2=1 LUT4=1 LUT6=1)
  Clock Path Skew:        -0.019ns (DCD - SCD + CPR)
    Destination Clock Delay (DCD):    4.845ns = ( 14.845 - 10.000 ) 
    Source Clock Delay      (SCD):    5.138ns
    Clock Pessimism Removal (CPR):    0.274ns
  Clock Uncertainty:      0.035ns  ((TSJ^2 + TIJ^2)^1/2 + DJ) / 2 + PE
    Total System Jitter     (TSJ):    0.071ns
    Total Input Jitter      (TIJ):    0.000ns
    Discrete Jitter          (DJ):    0.000ns
    Phase Error              (PE):    0.000ns

    Location             Delay type                Incr(ns)  Path(ns)    Netlist Resource(s)
  -------------------------------------------------------------------    -------------------
                         (clock sys_clk_pin rise edge)
                                                      0.000     0.000 r  
    W5                                                0.000     0.000 r  clk (IN)
                         net (fo=0)                   0.000     0.000    clk
    W5                   IBUF (Prop_ibuf_I_O)         1.458     1.458 r  clk_IBUF_inst/O
                         net (fo=1, routed)           1.967     3.425    clk_IBUF
    BUFGCTRL_X0Y0        BUFG (Prop_bufg_I_O)         0.096     3.521 r  clk_IBUF_BUFG_inst/O
                         net (fo=17, routed)          1.617     5.138    U_FND_CNTL/U_CLK_DIV/counter_reg_reg[15]_0
    SLICE_X61Y25         FDCE                                         r  U_FND_CNTL/U_CLK_DIV/counter_reg_reg[5]/C
  -------------------------------------------------------------------    -------------------
    SLICE_X61Y25         FDCE (Prop_fdce_C_Q)         0.419     5.557 r  U_FND_CNTL/U_CLK_DIV/counter_reg_reg[5]/Q
                         net (fo=2, routed)           1.004     6.562    U_FND_CNTL/U_CLK_DIV/counter_reg[5]
    SLICE_X61Y26         LUT4 (Prop_lut4_I0_O)        0.297     6.859 r  U_FND_CNTL/U_CLK_DIV/counter_reg[15]_i_3/O
                         net (fo=1, routed)           0.829     7.688    U_FND_CNTL/U_CLK_DIV/counter_reg[15]_i_3_n_0
    SLICE_X62Y25         LUT6 (Prop_lut6_I0_O)        0.124     7.812 r  U_FND_CNTL/U_CLK_DIV/counter_reg[15]_i_2/O
                         net (fo=16, routed)          0.924     8.736    U_FND_CNTL/U_CLK_DIV/counter_reg[15]_i_2_n_0
    SLICE_X61Y27         LUT2 (Prop_lut2_I0_O)        0.153     8.889 r  U_FND_CNTL/U_CLK_DIV/counter_reg[15]_i_1/O
                         net (fo=1, routed)           0.000     8.889    U_FND_CNTL/U_CLK_DIV/counter_reg_0[15]
    SLICE_X61Y27         FDCE                                         r  U_FND_CNTL/U_CLK_DIV/counter_reg_reg[15]/D
  -------------------------------------------------------------------    -------------------

                         (clock sys_clk_pin rise edge)
                                                     10.000    10.000 r  
    W5                                                0.000    10.000 r  clk (IN)
                         net (fo=0)                   0.000    10.000    clk
    W5                   IBUF (Prop_ibuf_I_O)         1.388    11.388 r  clk_IBUF_inst/O
                         net (fo=1, routed)           1.862    13.250    clk_IBUF
    BUFGCTRL_X0Y0        BUFG (Prop_bufg_I_O)         0.091    13.341 r  clk_IBUF_BUFG_inst/O
                         net (fo=17, routed)          1.504    14.845    U_FND_CNTL/U_CLK_DIV/counter_reg_reg[15]_0
    SLICE_X61Y27         FDCE                                         r  U_FND_CNTL/U_CLK_DIV/counter_reg_reg[15]/C
                         clock pessimism              0.274    15.119    
                         clock uncertainty           -0.035    15.084    
    SLICE_X61Y27         FDCE (Setup_fdce_C_D)        0.075    15.159    U_FND_CNTL/U_CLK_DIV/counter_reg_reg[15]
  -------------------------------------------------------------------
                         required time                         15.159    
                         arrival time                          -8.889    
  -------------------------------------------------------------------
                         slack                                  6.270    

Slack (MET) :             6.339ns  (required time - arrival time)
  Source:                 U_FND_CNTL/U_CLK_DIV/counter_reg_reg[5]/C
                            (rising edge-triggered cell FDCE clocked by sys_clk_pin  {rise@0.000ns fall@5.000ns period=10.000ns})
  Destination:            U_FND_CNTL/U_CLK_DIV/counter_reg_reg[10]/D
                            (rising edge-triggered cell FDCE clocked by sys_clk_pin  {rise@0.000ns fall@5.000ns period=10.000ns})
  Path Group:             sys_clk_pin
  Path Type:              Setup (Max at Slow Process Corner)
  Requirement:            10.000ns  (sys_clk_pin rise@10.000ns - sys_clk_pin rise@0.000ns)
  Data Path Delay:        3.635ns  (logic 0.964ns (26.517%)  route 2.671ns (73.483%))
  Logic Levels:           3  (LUT2=1 LUT4=1 LUT6=1)
  Clock Path Skew:        -0.019ns (DCD - SCD + CPR)
    Destination Clock Delay (DCD):    4.845ns = ( 14.845 - 10.000 ) 
    Source Clock Delay      (SCD):    5.138ns
    Clock Pessimism Removal (CPR):    0.274ns
  Clock Uncertainty:      0.035ns  ((TSJ^2 + TIJ^2)^1/2 + DJ) / 2 + PE
    Total System Jitter     (TSJ):    0.071ns
    Total Input Jitter      (TIJ):    0.000ns
    Discrete Jitter          (DJ):    0.000ns
    Phase Error              (PE):    0.000ns

    Location             Delay type                Incr(ns)  Path(ns)    Netlist Resource(s)
  -------------------------------------------------------------------    -------------------
                         (clock sys_clk_pin rise edge)
                                                      0.000     0.000 r  
    W5                                                0.000     0.000 r  clk (IN)
                         net (fo=0)                   0.000     0.000    clk
    W5                   IBUF (Prop_ibuf_I_O)         1.458     1.458 r  clk_IBUF_inst/O
                         net (fo=1, routed)           1.967     3.425    clk_IBUF
    BUFGCTRL_X0Y0        BUFG (Prop_bufg_I_O)         0.096     3.521 r  clk_IBUF_BUFG_inst/O
                         net (fo=17, routed)          1.617     5.138    U_FND_CNTL/U_CLK_DIV/counter_reg_reg[15]_0
    SLICE_X61Y25         FDCE                                         r  U_FND_CNTL/U_CLK_DIV/counter_reg_reg[5]/C
  -------------------------------------------------------------------    -------------------
    SLICE_X61Y25         FDCE (Prop_fdce_C_Q)         0.419     5.557 r  U_FND_CNTL/U_CLK_DIV/counter_reg_reg[5]/Q
                         net (fo=2, routed)           1.004     6.562    U_FND_CNTL/U_CLK_DIV/counter_reg[5]
    SLICE_X61Y26         LUT4 (Prop_lut4_I0_O)        0.297     6.859 r  U_FND_CNTL/U_CLK_DIV/counter_reg[15]_i_3/O
                         net (fo=1, routed)           0.829     7.688    U_FND_CNTL/U_CLK_DIV/counter_reg[15]_i_3_n_0
    SLICE_X62Y25         LUT6 (Prop_lut6_I0_O)        0.124     7.812 r  U_FND_CNTL/U_CLK_DIV/counter_reg[15]_i_2/O
                         net (fo=16, routed)          0.838     8.650    U_FND_CNTL/U_CLK_DIV/counter_reg[15]_i_2_n_0
    SLICE_X61Y27         LUT2 (Prop_lut2_I0_O)        0.124     8.774 r  U_FND_CNTL/U_CLK_DIV/counter_reg[10]_i_1/O
                         net (fo=1, routed)           0.000     8.774    U_FND_CNTL/U_CLK_DIV/counter_reg_0[10]
    SLICE_X61Y27         FDCE                                         r  U_FND_CNTL/U_CLK_DIV/counter_reg_reg[10]/D
  -------------------------------------------------------------------    -------------------

                         (clock sys_clk_pin rise edge)
                                                     10.000    10.000 r  
    W5                                                0.000    10.000 r  clk (IN)
                         net (fo=0)                   0.000    10.000    clk
    W5                   IBUF (Prop_ibuf_I_O)         1.388    11.388 r  clk_IBUF_inst/O
                         net (fo=1, routed)           1.862    13.250    clk_IBUF
    BUFGCTRL_X0Y0        BUFG (Prop_bufg_I_O)         0.091    13.341 r  clk_IBUF_BUFG_inst/O
                         net (fo=17, routed)          1.504    14.845    U_FND_CNTL/U_CLK_DIV/counter_reg_reg[15]_0
    SLICE_X61Y27         FDCE                                         r  U_FND_CNTL/U_CLK_DIV/counter_reg_reg[10]/C
                         clock pessimism              0.274    15.119    
                         clock uncertainty           -0.035    15.084    
    SLICE_X61Y27         FDCE (Setup_fdce_C_D)        0.029    15.113    U_FND_CNTL/U_CLK_DIV/counter_reg_reg[10]
  -------------------------------------------------------------------
                         required time                         15.113    
                         arrival time                          -8.774    
  -------------------------------------------------------------------
                         slack                                  6.339    

Slack (MET) :             6.353ns  (required time - arrival time)
  Source:                 U_FND_CNTL/U_CLK_DIV/counter_reg_reg[5]/C
                            (rising edge-triggered cell FDCE clocked by sys_clk_pin  {rise@0.000ns fall@5.000ns period=10.000ns})
  Destination:            U_FND_CNTL/U_CLK_DIV/counter_reg_reg[4]/D
                            (rising edge-triggered cell FDCE clocked by sys_clk_pin  {rise@0.000ns fall@5.000ns period=10.000ns})
  Path Group:             sys_clk_pin
  Path Type:              Setup (Max at Slow Process Corner)
  Requirement:            10.000ns  (sys_clk_pin rise@10.000ns - sys_clk_pin rise@0.000ns)
  Data Path Delay:        3.643ns  (logic 0.964ns (26.462%)  route 2.679ns (73.538%))
  Logic Levels:           3  (LUT2=1 LUT4=1 LUT6=1)
  Clock Path Skew:        0.000ns (DCD - SCD + CPR)
    Destination Clock Delay (DCD):    4.842ns = ( 14.842 - 10.000 ) 
    Source Clock Delay      (SCD):    5.138ns
    Clock Pessimism Removal (CPR):    0.296ns
  Clock Uncertainty:      0.035ns  ((TSJ^2 + TIJ^2)^1/2 + DJ) / 2 + PE
    Total System Jitter     (TSJ):    0.071ns
    Total Input Jitter      (TIJ):    0.000ns
    Discrete Jitter          (DJ):    0.000ns
    Phase Error              (PE):    0.000ns

    Location             Delay type                Incr(ns)  Path(ns)    Netlist Resource(s)
  -------------------------------------------------------------------    -------------------
                         (clock sys_clk_pin rise edge)
                                                      0.000     0.000 r  
    W5                                                0.000     0.000 r  clk (IN)
                         net (fo=0)                   0.000     0.000    clk
    W5                   IBUF (Prop_ibuf_I_O)         1.458     1.458 r  clk_IBUF_inst/O
                         net (fo=1, routed)           1.967     3.425    clk_IBUF
    BUFGCTRL_X0Y0        BUFG (Prop_bufg_I_O)         0.096     3.521 r  clk_IBUF_BUFG_inst/O
                         net (fo=17, routed)          1.617     5.138    U_FND_CNTL/U_CLK_DIV/counter_reg_reg[15]_0
    SLICE_X61Y25         FDCE                                         r  U_FND_CNTL/U_CLK_DIV/counter_reg_reg[5]/C
  -------------------------------------------------------------------    -------------------
    SLICE_X61Y25         FDCE (Prop_fdce_C_Q)         0.419     5.557 r  U_FND_CNTL/U_CLK_DIV/counter_reg_reg[5]/Q
                         net (fo=2, routed)           1.004     6.562    U_FND_CNTL/U_CLK_DIV/counter_reg[5]
    SLICE_X61Y26         LUT4 (Prop_lut4_I0_O)        0.297     6.859 r  U_FND_CNTL/U_CLK_DIV/counter_reg[15]_i_3/O
                         net (fo=1, routed)           0.829     7.688    U_FND_CNTL/U_CLK_DIV/counter_reg[15]_i_3_n_0
    SLICE_X62Y25         LUT6 (Prop_lut6_I0_O)        0.124     7.812 r  U_FND_CNTL/U_CLK_DIV/counter_reg[15]_i_2/O
                         net (fo=16, routed)          0.846     8.657    U_FND_CNTL/U_CLK_DIV/counter_reg[15]_i_2_n_0
    SLICE_X61Y25         LUT2 (Prop_lut2_I0_O)        0.124     8.781 r  U_FND_CNTL/U_CLK_DIV/counter_reg[4]_i_1/O
                         net (fo=1, routed)           0.000     8.781    U_FND_CNTL/U_CLK_DIV/counter_reg_0[4]
    SLICE_X61Y25         FDCE                                         r  U_FND_CNTL/U_CLK_DIV/counter_reg_reg[4]/D
  -------------------------------------------------------------------    -------------------

                         (clock sys_clk_pin rise edge)
                                                     10.000    10.000 r  
    W5                                                0.000    10.000 r  clk (IN)
                         net (fo=0)                   0.000    10.000    clk
    W5                   IBUF (Prop_ibuf_I_O)         1.388    11.388 r  clk_IBUF_inst/O
                         net (fo=1, routed)           1.862    13.250    clk_IBUF
    BUFGCTRL_X0Y0        BUFG (Prop_bufg_I_O)         0.091    13.341 r  clk_IBUF_BUFG_inst/O
                         net (fo=17, routed)          1.501    14.842    U_FND_CNTL/U_CLK_DIV/counter_reg_reg[15]_0
    SLICE_X61Y25         FDCE                                         r  U_FND_CNTL/U_CLK_DIV/counter_reg_reg[4]/C
                         clock pessimism              0.296    15.138    
                         clock uncertainty           -0.035    15.103    
    SLICE_X61Y25         FDCE (Setup_fdce_C_D)        0.031    15.134    U_FND_CNTL/U_CLK_DIV/counter_reg_reg[4]
  -------------------------------------------------------------------
                         required time                         15.134    
                         arrival time                          -8.781    
  -------------------------------------------------------------------
                         slack                                  6.353    

Slack (MET) :             6.359ns  (required time - arrival time)
  Source:                 U_FND_CNTL/U_CLK_DIV/counter_reg_reg[5]/C
                            (rising edge-triggered cell FDCE clocked by sys_clk_pin  {rise@0.000ns fall@5.000ns period=10.000ns})
  Destination:            U_FND_CNTL/U_CLK_DIV/counter_reg_reg[13]/D
                            (rising edge-triggered cell FDCE clocked by sys_clk_pin  {rise@0.000ns fall@5.000ns period=10.000ns})
  Path Group:             sys_clk_pin
  Path Type:              Setup (Max at Slow Process Corner)
  Requirement:            10.000ns  (sys_clk_pin rise@10.000ns - sys_clk_pin rise@0.000ns)
  Data Path Delay:        3.661ns  (logic 0.990ns (27.039%)  route 2.671ns (72.961%))
  Logic Levels:           3  (LUT2=1 LUT4=1 LUT6=1)
  Clock Path Skew:        -0.019ns (DCD - SCD + CPR)
    Destination Clock Delay (DCD):    4.845ns = ( 14.845 - 10.000 ) 
    Source Clock Delay      (SCD):    5.138ns
    Clock Pessimism Removal (CPR):    0.274ns
  Clock Uncertainty:      0.035ns  ((TSJ^2 + TIJ^2)^1/2 + DJ) / 2 + PE
    Total System Jitter     (TSJ):    0.071ns
    Total Input Jitter      (TIJ):    0.000ns
    Discrete Jitter          (DJ):    0.000ns
    Phase Error              (PE):    0.000ns

    Location             Delay type                Incr(ns)  Path(ns)    Netlist Resource(s)
  -------------------------------------------------------------------    -------------------
                         (clock sys_clk_pin rise edge)
                                                      0.000     0.000 r  
    W5                                                0.000     0.000 r  clk (IN)
                         net (fo=0)                   0.000     0.000    clk
    W5                   IBUF (Prop_ibuf_I_O)         1.458     1.458 r  clk_IBUF_inst/O
                         net (fo=1, routed)           1.967     3.425    clk_IBUF
    BUFGCTRL_X0Y0        BUFG (Prop_bufg_I_O)         0.096     3.521 r  clk_IBUF_BUFG_inst/O
                         net (fo=17, routed)          1.617     5.138    U_FND_CNTL/U_CLK_DIV/counter_reg_reg[15]_0
    SLICE_X61Y25         FDCE                                         r  U_FND_CNTL/U_CLK_DIV/counter_reg_reg[5]/C
  -------------------------------------------------------------------    -------------------
    SLICE_X61Y25         FDCE (Prop_fdce_C_Q)         0.419     5.557 r  U_FND_CNTL/U_CLK_DIV/counter_reg_reg[5]/Q
                         net (fo=2, routed)           1.004     6.562    U_FND_CNTL/U_CLK_DIV/counter_reg[5]
    SLICE_X61Y26         LUT4 (Prop_lut4_I0_O)        0.297     6.859 r  U_FND_CNTL/U_CLK_DIV/counter_reg[15]_i_3/O
                         net (fo=1, routed)           0.829     7.688    U_FND_CNTL/U_CLK_DIV/counter_reg[15]_i_3_n_0
    SLICE_X62Y25         LUT6 (Prop_lut6_I0_O)        0.124     7.812 r  U_FND_CNTL/U_CLK_DIV/counter_reg[15]_i_2/O
                         net (fo=16, routed)          0.838     8.650    U_FND_CNTL/U_CLK_DIV/counter_reg[15]_i_2_n_0
    SLICE_X61Y27         LUT2 (Prop_lut2_I0_O)        0.150     8.800 r  U_FND_CNTL/U_CLK_DIV/counter_reg[13]_i_1/O
                         net (fo=1, routed)           0.000     8.800    U_FND_CNTL/U_CLK_DIV/counter_reg_0[13]
    SLICE_X61Y27         FDCE                                         r  U_FND_CNTL/U_CLK_DIV/counter_reg_reg[13]/D
  -------------------------------------------------------------------    -------------------

                         (clock sys_clk_pin rise edge)
                                                     10.000    10.000 r  
    W5                                                0.000    10.000 r  clk (IN)
                         net (fo=0)                   0.000    10.000    clk
    W5                   IBUF (Prop_ibuf_I_O)         1.388    11.388 r  clk_IBUF_inst/O
                         net (fo=1, routed)           1.862    13.250    clk_IBUF
    BUFGCTRL_X0Y0        BUFG (Prop_bufg_I_O)         0.091    13.341 r  clk_IBUF_BUFG_inst/O
                         net (fo=17, routed)          1.504    14.845    U_FND_CNTL/U_CLK_DIV/counter_reg_reg[15]_0
    SLICE_X61Y27         FDCE                                         r  U_FND_CNTL/U_CLK_DIV/counter_reg_reg[13]/C
                         clock pessimism              0.274    15.119    
                         clock uncertainty           -0.035    15.084    
    SLICE_X61Y27         FDCE (Setup_fdce_C_D)        0.075    15.159    U_FND_CNTL/U_CLK_DIV/counter_reg_reg[13]
  -------------------------------------------------------------------
                         required time                         15.159    
                         arrival time                          -8.800    
  -------------------------------------------------------------------
                         slack                                  6.359    

Slack (MET) :             6.367ns  (required time - arrival time)
  Source:                 U_FND_CNTL/U_CLK_DIV/counter_reg_reg[5]/C
                            (rising edge-triggered cell FDCE clocked by sys_clk_pin  {rise@0.000ns fall@5.000ns period=10.000ns})
  Destination:            U_FND_CNTL/U_CLK_DIV/counter_reg_reg[5]/D
                            (rising edge-triggered cell FDCE clocked by sys_clk_pin  {rise@0.000ns fall@5.000ns period=10.000ns})
  Path Group:             sys_clk_pin
  Path Type:              Setup (Max at Slow Process Corner)
  Requirement:            10.000ns  (sys_clk_pin rise@10.000ns - sys_clk_pin rise@0.000ns)
  Data Path Delay:        3.673ns  (logic 0.994ns (27.062%)  route 2.679ns (72.938%))
  Logic Levels:           3  (LUT2=1 LUT4=1 LUT6=1)
  Clock Path Skew:        0.000ns (DCD - SCD + CPR)
    Destination Clock Delay (DCD):    4.842ns = ( 14.842 - 10.000 ) 
    Source Clock Delay      (SCD):    5.138ns
    Clock Pessimism Removal (CPR):    0.296ns
  Clock Uncertainty:      0.035ns  ((TSJ^2 + TIJ^2)^1/2 + DJ) / 2 + PE
    Total System Jitter     (TSJ):    0.071ns
    Total Input Jitter      (TIJ):    0.000ns
    Discrete Jitter          (DJ):    0.000ns
    Phase Error              (PE):    0.000ns

    Location             Delay type                Incr(ns)  Path(ns)    Netlist Resource(s)
  -------------------------------------------------------------------    -------------------
                         (clock sys_clk_pin rise edge)
                                                      0.000     0.000 r  
    W5                                                0.000     0.000 r  clk (IN)
                         net (fo=0)                   0.000     0.000    clk
    W5                   IBUF (Prop_ibuf_I_O)         1.458     1.458 r  clk_IBUF_inst/O
                         net (fo=1, routed)           1.967     3.425    clk_IBUF
    BUFGCTRL_X0Y0        BUFG (Prop_bufg_I_O)         0.096     3.521 r  clk_IBUF_BUFG_inst/O
                         net (fo=17, routed)          1.617     5.138    U_FND_CNTL/U_CLK_DIV/counter_reg_reg[15]_0
    SLICE_X61Y25         FDCE                                         r  U_FND_CNTL/U_CLK_DIV/counter_reg_reg[5]/C
  -------------------------------------------------------------------    -------------------
    SLICE_X61Y25         FDCE (Prop_fdce_C_Q)         0.419     5.557 r  U_FND_CNTL/U_CLK_DIV/counter_reg_reg[5]/Q
                         net (fo=2, routed)           1.004     6.562    U_FND_CNTL/U_CLK_DIV/counter_reg[5]
    SLICE_X61Y26         LUT4 (Prop_lut4_I0_O)        0.297     6.859 r  U_FND_CNTL/U_CLK_DIV/counter_reg[15]_i_3/O
                         net (fo=1, routed)           0.829     7.688    U_FND_CNTL/U_CLK_DIV/counter_reg[15]_i_3_n_0
    SLICE_X62Y25         LUT6 (Prop_lut6_I0_O)        0.124     7.812 r  U_FND_CNTL/U_CLK_DIV/counter_reg[15]_i_2/O
                         net (fo=16, routed)          0.846     8.657    U_FND_CNTL/U_CLK_DIV/counter_reg[15]_i_2_n_0
    SLICE_X61Y25         LUT2 (Prop_lut2_I0_O)        0.154     8.811 r  U_FND_CNTL/U_CLK_DIV/counter_reg[5]_i_1/O
                         net (fo=1, routed)           0.000     8.811    U_FND_CNTL/U_CLK_DIV/counter_reg_0[5]
    SLICE_X61Y25         FDCE                                         r  U_FND_CNTL/U_CLK_DIV/counter_reg_reg[5]/D
  -------------------------------------------------------------------    -------------------

                         (clock sys_clk_pin rise edge)
                                                     10.000    10.000 r  
    W5                                                0.000    10.000 r  clk (IN)
                         net (fo=0)                   0.000    10.000    clk
    W5                   IBUF (Prop_ibuf_I_O)         1.388    11.388 r  clk_IBUF_inst/O
                         net (fo=1, routed)           1.862    13.250    clk_IBUF
    BUFGCTRL_X0Y0        BUFG (Prop_bufg_I_O)         0.091    13.341 r  clk_IBUF_BUFG_inst/O
                         net (fo=17, routed)          1.501    14.842    U_FND_CNTL/U_CLK_DIV/counter_reg_reg[15]_0
    SLICE_X61Y25         FDCE                                         r  U_FND_CNTL/U_CLK_DIV/counter_reg_reg[5]/C
                         clock pessimism              0.296    15.138    
                         clock uncertainty           -0.035    15.103    
    SLICE_X61Y25         FDCE (Setup_fdce_C_D)        0.075    15.178    U_FND_CNTL/U_CLK_DIV/counter_reg_reg[5]
  -------------------------------------------------------------------
                         required time                         15.178    
                         arrival time                          -8.811    
  -------------------------------------------------------------------
                         slack                                  6.367    

Slack (MET) :             6.500ns  (required time - arrival time)
  Source:                 U_FND_CNTL/U_CLK_DIV/counter_reg_reg[2]/C
                            (rising edge-triggered cell FDCE clocked by sys_clk_pin  {rise@0.000ns fall@5.000ns period=10.000ns})
  Destination:            U_FND_CNTL/U_CLK_DIV/counter_reg_reg[9]/D
                            (rising edge-triggered cell FDCE clocked by sys_clk_pin  {rise@0.000ns fall@5.000ns period=10.000ns})
  Path Group:             sys_clk_pin
  Path Type:              Setup (Max at Slow Process Corner)
  Requirement:            10.000ns  (sys_clk_pin rise@10.000ns - sys_clk_pin rise@0.000ns)
  Data Path Delay:        3.519ns  (logic 1.772ns (50.352%)  route 1.747ns (49.648%))
  Logic Levels:           4  (CARRY4=3 LUT2=1)
  Clock Path Skew:        -0.020ns (DCD - SCD + CPR)
    Destination Clock Delay (DCD):    4.844ns = ( 14.844 - 10.000 ) 
    Source Clock Delay      (SCD):    5.138ns
    Clock Pessimism Removal (CPR):    0.274ns
  Clock Uncertainty:      0.035ns  ((TSJ^2 + TIJ^2)^1/2 + DJ) / 2 + PE
    Total System Jitter     (TSJ):    0.071ns
    Total Input Jitter      (TIJ):    0.000ns
    Discrete Jitter          (DJ):    0.000ns
    Phase Error              (PE):    0.000ns

    Location             Delay type                Incr(ns)  Path(ns)    Netlist Resource(s)
  -------------------------------------------------------------------    -------------------
                         (clock sys_clk_pin rise edge)
                                                      0.000     0.000 r  
    W5                                                0.000     0.000 r  clk (IN)
                         net (fo=0)                   0.000     0.000    clk
    W5                   IBUF (Prop_ibuf_I_O)         1.458     1.458 r  clk_IBUF_inst/O
                         net (fo=1, routed)           1.967     3.425    clk_IBUF
    BUFGCTRL_X0Y0        BUFG (Prop_bufg_I_O)         0.096     3.521 r  clk_IBUF_BUFG_inst/O
                         net (fo=17, routed)          1.617     5.138    U_FND_CNTL/U_CLK_DIV/counter_reg_reg[15]_0
    SLICE_X61Y25         FDCE                                         r  U_FND_CNTL/U_CLK_DIV/counter_reg_reg[2]/C
  -------------------------------------------------------------------    -------------------
    SLICE_X61Y25         FDCE (Prop_fdce_C_Q)         0.456     5.594 r  U_FND_CNTL/U_CLK_DIV/counter_reg_reg[2]/Q
                         net (fo=2, routed)           0.777     6.371    U_FND_CNTL/U_CLK_DIV/counter_reg[2]
    SLICE_X60Y25         CARRY4 (Prop_carry4_S[1]_CO[3])
                                                      0.657     7.028 r  U_FND_CNTL/U_CLK_DIV/counter_reg0_carry/CO[3]
                         net (fo=1, routed)           0.000     7.028    U_FND_CNTL/U_CLK_DIV/counter_reg0_carry_n_0
    SLICE_X60Y26         CARRY4 (Prop_carry4_CI_CO[3])
                                                      0.117     7.145 r  U_FND_CNTL/U_CLK_DIV/counter_reg0_carry__0/CO[3]
                         net (fo=1, routed)           0.000     7.145    U_FND_CNTL/U_CLK_DIV/counter_reg0_carry__0_n_0
    SLICE_X60Y27         CARRY4 (Prop_carry4_CI_O[0])
                                                      0.219     7.364 r  U_FND_CNTL/U_CLK_DIV/counter_reg0_carry__1/O[0]
                         net (fo=1, routed)           0.970     8.334    U_FND_CNTL/U_CLK_DIV/data0[9]
    SLICE_X61Y26         LUT2 (Prop_lut2_I1_O)        0.323     8.657 r  U_FND_CNTL/U_CLK_DIV/counter_reg[9]_i_1/O
                         net (fo=1, routed)           0.000     8.657    U_FND_CNTL/U_CLK_DIV/counter_reg_0[9]
    SLICE_X61Y26         FDCE                                         r  U_FND_CNTL/U_CLK_DIV/counter_reg_reg[9]/D
  -------------------------------------------------------------------    -------------------

                         (clock sys_clk_pin rise edge)
                                                     10.000    10.000 r  
    W5                                                0.000    10.000 r  clk (IN)
                         net (fo=0)                   0.000    10.000    clk
    W5                   IBUF (Prop_ibuf_I_O)         1.388    11.388 r  clk_IBUF_inst/O
                         net (fo=1, routed)           1.862    13.250    clk_IBUF
    BUFGCTRL_X0Y0        BUFG (Prop_bufg_I_O)         0.091    13.341 r  clk_IBUF_BUFG_inst/O
                         net (fo=17, routed)          1.503    14.844    U_FND_CNTL/U_CLK_DIV/counter_reg_reg[15]_0
    SLICE_X61Y26         FDCE                                         r  U_FND_CNTL/U_CLK_DIV/counter_reg_reg[9]/C
                         clock pessimism              0.274    15.118    
                         clock uncertainty           -0.035    15.083    
    SLICE_X61Y26         FDCE (Setup_fdce_C_D)        0.075    15.158    U_FND_CNTL/U_CLK_DIV/counter_reg_reg[9]
  -------------------------------------------------------------------
                         required time                         15.158    
                         arrival time                          -8.657    
  -------------------------------------------------------------------
                         slack                                  6.500    

Slack (MET) :             6.717ns  (required time - arrival time)
  Source:                 U_FND_CNTL/U_CLK_DIV/counter_reg_reg[5]/C
                            (rising edge-triggered cell FDCE clocked by sys_clk_pin  {rise@0.000ns fall@5.000ns period=10.000ns})
  Destination:            U_FND_CNTL/U_CLK_DIV/counter_reg_reg[7]/D
                            (rising edge-triggered cell FDCE clocked by sys_clk_pin  {rise@0.000ns fall@5.000ns period=10.000ns})
  Path Group:             sys_clk_pin
  Path Type:              Setup (Max at Slow Process Corner)
  Requirement:            10.000ns  (sys_clk_pin rise@10.000ns - sys_clk_pin rise@0.000ns)
  Data Path Delay:        3.259ns  (logic 0.964ns (29.584%)  route 2.295ns (70.416%))
  Logic Levels:           3  (LUT2=1 LUT4=1 LUT6=1)
  Clock Path Skew:        -0.020ns (DCD - SCD + CPR)
    Destination Clock Delay (DCD):    4.844ns = ( 14.844 - 10.000 ) 
    Source Clock Delay      (SCD):    5.138ns
    Clock Pessimism Removal (CPR):    0.274ns
  Clock Uncertainty:      0.035ns  ((TSJ^2 + TIJ^2)^1/2 + DJ) / 2 + PE
    Total System Jitter     (TSJ):    0.071ns
    Total Input Jitter      (TIJ):    0.000ns
    Discrete Jitter          (DJ):    0.000ns
    Phase Error              (PE):    0.000ns

    Location             Delay type                Incr(ns)  Path(ns)    Netlist Resource(s)
  -------------------------------------------------------------------    -------------------
                         (clock sys_clk_pin rise edge)
                                                      0.000     0.000 r  
    W5                                                0.000     0.000 r  clk (IN)
                         net (fo=0)                   0.000     0.000    clk
    W5                   IBUF (Prop_ibuf_I_O)         1.458     1.458 r  clk_IBUF_inst/O
                         net (fo=1, routed)           1.967     3.425    clk_IBUF
    BUFGCTRL_X0Y0        BUFG (Prop_bufg_I_O)         0.096     3.521 r  clk_IBUF_BUFG_inst/O
                         net (fo=17, routed)          1.617     5.138    U_FND_CNTL/U_CLK_DIV/counter_reg_reg[15]_0
    SLICE_X61Y25         FDCE                                         r  U_FND_CNTL/U_CLK_DIV/counter_reg_reg[5]/C
  -------------------------------------------------------------------    -------------------
    SLICE_X61Y25         FDCE (Prop_fdce_C_Q)         0.419     5.557 r  U_FND_CNTL/U_CLK_DIV/counter_reg_reg[5]/Q
                         net (fo=2, routed)           1.004     6.562    U_FND_CNTL/U_CLK_DIV/counter_reg[5]
    SLICE_X61Y26         LUT4 (Prop_lut4_I0_O)        0.297     6.859 r  U_FND_CNTL/U_CLK_DIV/counter_reg[15]_i_3/O
                         net (fo=1, routed)           0.829     7.688    U_FND_CNTL/U_CLK_DIV/counter_reg[15]_i_3_n_0
    SLICE_X62Y25         LUT6 (Prop_lut6_I0_O)        0.124     7.812 r  U_FND_CNTL/U_CLK_DIV/counter_reg[15]_i_2/O
                         net (fo=16, routed)          0.461     8.273    U_FND_CNTL/U_CLK_DIV/counter_reg[15]_i_2_n_0
    SLICE_X61Y26         LUT2 (Prop_lut2_I0_O)        0.124     8.397 r  U_FND_CNTL/U_CLK_DIV/counter_reg[7]_i_1/O
                         net (fo=1, routed)           0.000     8.397    U_FND_CNTL/U_CLK_DIV/counter_reg_0[7]
    SLICE_X61Y26         FDCE                                         r  U_FND_CNTL/U_CLK_DIV/counter_reg_reg[7]/D
  -------------------------------------------------------------------    -------------------

                         (clock sys_clk_pin rise edge)
                                                     10.000    10.000 r  
    W5                                                0.000    10.000 r  clk (IN)
                         net (fo=0)                   0.000    10.000    clk
    W5                   IBUF (Prop_ibuf_I_O)         1.388    11.388 r  clk_IBUF_inst/O
                         net (fo=1, routed)           1.862    13.250    clk_IBUF
    BUFGCTRL_X0Y0        BUFG (Prop_bufg_I_O)         0.091    13.341 r  clk_IBUF_BUFG_inst/O
                         net (fo=17, routed)          1.503    14.844    U_FND_CNTL/U_CLK_DIV/counter_reg_reg[15]_0
    SLICE_X61Y26         FDCE                                         r  U_FND_CNTL/U_CLK_DIV/counter_reg_reg[7]/C
                         clock pessimism              0.274    15.118    
                         clock uncertainty           -0.035    15.083    
    SLICE_X61Y26         FDCE (Setup_fdce_C_D)        0.031    15.114    U_FND_CNTL/U_CLK_DIV/counter_reg_reg[7]
  -------------------------------------------------------------------
                         required time                         15.114    
                         arrival time                          -8.397    
  -------------------------------------------------------------------
                         slack                                  6.717    





Min Delay Paths
--------------------------------------------------------------------------------------
Slack (MET) :             0.263ns  (arrival time - required time)
  Source:                 U_FND_CNTL/U_CLK_DIV/clk_reg_reg/C
                            (rising edge-triggered cell FDCE clocked by sys_clk_pin  {rise@0.000ns fall@5.000ns period=10.000ns})
  Destination:            U_FND_CNTL/U_CLK_DIV/clk_reg_reg/D
                            (rising edge-triggered cell FDCE clocked by sys_clk_pin  {rise@0.000ns fall@5.000ns period=10.000ns})
  Path Group:             sys_clk_pin
  Path Type:              Hold (Min at Fast Process Corner)
  Requirement:            0.000ns  (sys_clk_pin rise@0.000ns - sys_clk_pin rise@0.000ns)
  Data Path Delay:        0.354ns  (logic 0.186ns (52.507%)  route 0.168ns (47.493%))
  Logic Levels:           1  (LUT2=1)
  Clock Path Skew:        0.000ns (DCD - SCD - CPR)
    Destination Clock Delay (DCD):    1.975ns
    Source Clock Delay      (SCD):    1.464ns
    Clock Pessimism Removal (CPR):    0.511ns

    Location             Delay type                Incr(ns)  Path(ns)    Netlist Resource(s)
  -------------------------------------------------------------------    -------------------
                         (clock sys_clk_pin rise edge)
                                                      0.000     0.000 r  
    W5                                                0.000     0.000 r  clk (IN)
                         net (fo=0)                   0.000     0.000    clk
    W5                   IBUF (Prop_ibuf_I_O)         0.226     0.226 r  clk_IBUF_inst/O
                         net (fo=1, routed)           0.631     0.858    clk_IBUF
    BUFGCTRL_X0Y0        BUFG (Prop_bufg_I_O)         0.026     0.884 r  clk_IBUF_BUFG_inst/O
                         net (fo=17, routed)          0.581     1.464    U_FND_CNTL/U_CLK_DIV/counter_reg_reg[15]_0
    SLICE_X61Y25         FDCE                                         r  U_FND_CNTL/U_CLK_DIV/clk_reg_reg/C
  -------------------------------------------------------------------    -------------------
    SLICE_X61Y25         FDCE (Prop_fdce_C_Q)         0.141     1.605 r  U_FND_CNTL/U_CLK_DIV/clk_reg_reg/Q
                         net (fo=3, routed)           0.168     1.773    U_FND_CNTL/U_CLK_DIV/CLK
    SLICE_X61Y25         LUT2 (Prop_lut2_I1_O)        0.045     1.818 r  U_FND_CNTL/U_CLK_DIV/clk_reg_i_1/O
                         net (fo=1, routed)           0.000     1.818    U_FND_CNTL/U_CLK_DIV/clk_reg_i_1_n_0
    SLICE_X61Y25         FDCE                                         r  U_FND_CNTL/U_CLK_DIV/clk_reg_reg/D
  -------------------------------------------------------------------    -------------------

                         (clock sys_clk_pin rise edge)
                                                      0.000     0.000 r  
    W5                                                0.000     0.000 r  clk (IN)
                         net (fo=0)                   0.000     0.000    clk
    W5                   IBUF (Prop_ibuf_I_O)         0.414     0.414 r  clk_IBUF_inst/O
                         net (fo=1, routed)           0.685     1.099    clk_IBUF
    BUFGCTRL_X0Y0        BUFG (Prop_bufg_I_O)         0.029     1.128 r  clk_IBUF_BUFG_inst/O
                         net (fo=17, routed)          0.848     1.975    U_FND_CNTL/U_CLK_DIV/counter_reg_reg[15]_0
    SLICE_X61Y25         FDCE                                         r  U_FND_CNTL/U_CLK_DIV/clk_reg_reg/C
                         clock pessimism             -0.511     1.464    
    SLICE_X61Y25         FDCE (Hold_fdce_C_D)         0.091     1.555    U_FND_CNTL/U_CLK_DIV/clk_reg_reg
  -------------------------------------------------------------------
                         required time                         -1.555    
                         arrival time                           1.818    
  -------------------------------------------------------------------
                         slack                                  0.263    

Slack (MET) :             0.276ns  (arrival time - required time)
  Source:                 U_FND_CNTL/U_CLK_DIV/counter_reg_reg[0]/C
                            (rising edge-triggered cell FDCE clocked by sys_clk_pin  {rise@0.000ns fall@5.000ns period=10.000ns})
  Destination:            U_FND_CNTL/U_CLK_DIV/counter_reg_reg[0]/D
                            (rising edge-triggered cell FDCE clocked by sys_clk_pin  {rise@0.000ns fall@5.000ns period=10.000ns})
  Path Group:             sys_clk_pin
  Path Type:              Hold (Min at Fast Process Corner)
  Requirement:            0.000ns  (sys_clk_pin rise@0.000ns - sys_clk_pin rise@0.000ns)
  Data Path Delay:        0.368ns  (logic 0.186ns (50.492%)  route 0.182ns (49.508%))
  Logic Levels:           1  (LUT1=1)
  Clock Path Skew:        0.000ns (DCD - SCD - CPR)
    Destination Clock Delay (DCD):    1.975ns
    Source Clock Delay      (SCD):    1.464ns
    Clock Pessimism Removal (CPR):    0.511ns

    Location             Delay type                Incr(ns)  Path(ns)    Netlist Resource(s)
  -------------------------------------------------------------------    -------------------
                         (clock sys_clk_pin rise edge)
                                                      0.000     0.000 r  
    W5                                                0.000     0.000 r  clk (IN)
                         net (fo=0)                   0.000     0.000    clk
    W5                   IBUF (Prop_ibuf_I_O)         0.226     0.226 r  clk_IBUF_inst/O
                         net (fo=1, routed)           0.631     0.858    clk_IBUF
    BUFGCTRL_X0Y0        BUFG (Prop_bufg_I_O)         0.026     0.884 r  clk_IBUF_BUFG_inst/O
                         net (fo=17, routed)          0.581     1.464    U_FND_CNTL/U_CLK_DIV/counter_reg_reg[15]_0
    SLICE_X61Y25         FDCE                                         r  U_FND_CNTL/U_CLK_DIV/counter_reg_reg[0]/C
  -------------------------------------------------------------------    -------------------
    SLICE_X61Y25         FDCE (Prop_fdce_C_Q)         0.141     1.605 f  U_FND_CNTL/U_CLK_DIV/counter_reg_reg[0]/Q
                         net (fo=3, routed)           0.182     1.788    U_FND_CNTL/U_CLK_DIV/counter_reg[0]
    SLICE_X61Y25         LUT1 (Prop_lut1_I0_O)        0.045     1.833 r  U_FND_CNTL/U_CLK_DIV/counter_reg[0]_i_1__0/O
                         net (fo=1, routed)           0.000     1.833    U_FND_CNTL/U_CLK_DIV/counter_reg_0[0]
    SLICE_X61Y25         FDCE                                         r  U_FND_CNTL/U_CLK_DIV/counter_reg_reg[0]/D
  -------------------------------------------------------------------    -------------------

                         (clock sys_clk_pin rise edge)
                                                      0.000     0.000 r  
    W5                                                0.000     0.000 r  clk (IN)
                         net (fo=0)                   0.000     0.000    clk
    W5                   IBUF (Prop_ibuf_I_O)         0.414     0.414 r  clk_IBUF_inst/O
                         net (fo=1, routed)           0.685     1.099    clk_IBUF
    BUFGCTRL_X0Y0        BUFG (Prop_bufg_I_O)         0.029     1.128 r  clk_IBUF_BUFG_inst/O
                         net (fo=17, routed)          0.848     1.975    U_FND_CNTL/U_CLK_DIV/counter_reg_reg[15]_0
    SLICE_X61Y25         FDCE                                         r  U_FND_CNTL/U_CLK_DIV/counter_reg_reg[0]/C
                         clock pessimism             -0.511     1.464    
    SLICE_X61Y25         FDCE (Hold_fdce_C_D)         0.092     1.556    U_FND_CNTL/U_CLK_DIV/counter_reg_reg[0]
  -------------------------------------------------------------------
                         required time                         -1.556    
                         arrival time                           1.833    
  -------------------------------------------------------------------
                         slack                                  0.276    

Slack (MET) :             0.493ns  (arrival time - required time)
  Source:                 U_FND_CNTL/U_CLK_DIV/counter_reg_reg[7]/C
                            (rising edge-triggered cell FDCE clocked by sys_clk_pin  {rise@0.000ns fall@5.000ns period=10.000ns})
  Destination:            U_FND_CNTL/U_CLK_DIV/counter_reg_reg[7]/D
                            (rising edge-triggered cell FDCE clocked by sys_clk_pin  {rise@0.000ns fall@5.000ns period=10.000ns})
  Path Group:             sys_clk_pin
  Path Type:              Hold (Min at Fast Process Corner)
  Requirement:            0.000ns  (sys_clk_pin rise@0.000ns - sys_clk_pin rise@0.000ns)
  Data Path Delay:        0.585ns  (logic 0.359ns (61.340%)  route 0.226ns (38.660%))
  Logic Levels:           2  (CARRY4=1 LUT2=1)
  Clock Path Skew:        0.000ns (DCD - SCD - CPR)
    Destination Clock Delay (DCD):    1.976ns
    Source Clock Delay      (SCD):    1.465ns
    Clock Pessimism Removal (CPR):    0.511ns

    Location             Delay type                Incr(ns)  Path(ns)    Netlist Resource(s)
  -------------------------------------------------------------------    -------------------
                         (clock sys_clk_pin rise edge)
                                                      0.000     0.000 r  
    W5                                                0.000     0.000 r  clk (IN)
                         net (fo=0)                   0.000     0.000    clk
    W5                   IBUF (Prop_ibuf_I_O)         0.226     0.226 r  clk_IBUF_inst/O
                         net (fo=1, routed)           0.631     0.858    clk_IBUF
    BUFGCTRL_X0Y0        BUFG (Prop_bufg_I_O)         0.026     0.884 r  clk_IBUF_BUFG_inst/O
                         net (fo=17, routed)          0.582     1.465    U_FND_CNTL/U_CLK_DIV/counter_reg_reg[15]_0
    SLICE_X61Y26         FDCE                                         r  U_FND_CNTL/U_CLK_DIV/counter_reg_reg[7]/C
  -------------------------------------------------------------------    -------------------
    SLICE_X61Y26         FDCE (Prop_fdce_C_Q)         0.141     1.606 r  U_FND_CNTL/U_CLK_DIV/counter_reg_reg[7]/Q
                         net (fo=2, routed)           0.065     1.671    U_FND_CNTL/U_CLK_DIV/counter_reg[7]
    SLICE_X60Y26         CARRY4 (Prop_carry4_S[2]_O[2])
                                                      0.110     1.781 r  U_FND_CNTL/U_CLK_DIV/counter_reg0_carry__0/O[2]
                         net (fo=1, routed)           0.161     1.942    U_FND_CNTL/U_CLK_DIV/data0[7]
    SLICE_X61Y26         LUT2 (Prop_lut2_I1_O)        0.108     2.050 r  U_FND_CNTL/U_CLK_DIV/counter_reg[7]_i_1/O
                         net (fo=1, routed)           0.000     2.050    U_FND_CNTL/U_CLK_DIV/counter_reg_0[7]
    SLICE_X61Y26         FDCE                                         r  U_FND_CNTL/U_CLK_DIV/counter_reg_reg[7]/D
  -------------------------------------------------------------------    -------------------

                         (clock sys_clk_pin rise edge)
                                                      0.000     0.000 r  
    W5                                                0.000     0.000 r  clk (IN)
                         net (fo=0)                   0.000     0.000    clk
    W5                   IBUF (Prop_ibuf_I_O)         0.414     0.414 r  clk_IBUF_inst/O
                         net (fo=1, routed)           0.685     1.099    clk_IBUF
    BUFGCTRL_X0Y0        BUFG (Prop_bufg_I_O)         0.029     1.128 r  clk_IBUF_BUFG_inst/O
                         net (fo=17, routed)          0.849     1.976    U_FND_CNTL/U_CLK_DIV/counter_reg_reg[15]_0
    SLICE_X61Y26         FDCE                                         r  U_FND_CNTL/U_CLK_DIV/counter_reg_reg[7]/C
                         clock pessimism             -0.511     1.465    
    SLICE_X61Y26         FDCE (Hold_fdce_C_D)         0.092     1.557    U_FND_CNTL/U_CLK_DIV/counter_reg_reg[7]
  -------------------------------------------------------------------
                         required time                         -1.557    
                         arrival time                           2.050    
  -------------------------------------------------------------------
                         slack                                  0.493    

Slack (MET) :             0.494ns  (arrival time - required time)
  Source:                 U_FND_CNTL/U_CLK_DIV/counter_reg_reg[11]/C
                            (rising edge-triggered cell FDCE clocked by sys_clk_pin  {rise@0.000ns fall@5.000ns period=10.000ns})
  Destination:            U_FND_CNTL/U_CLK_DIV/counter_reg_reg[11]/D
                            (rising edge-triggered cell FDCE clocked by sys_clk_pin  {rise@0.000ns fall@5.000ns period=10.000ns})
  Path Group:             sys_clk_pin
  Path Type:              Hold (Min at Fast Process Corner)
  Requirement:            0.000ns  (sys_clk_pin rise@0.000ns - sys_clk_pin rise@0.000ns)
  Data Path Delay:        0.586ns  (logic 0.359ns (61.211%)  route 0.227ns (38.789%))
  Logic Levels:           2  (CARRY4=1 LUT2=1)
  Clock Path Skew:        0.000ns (DCD - SCD - CPR)
    Destination Clock Delay (DCD):    1.978ns
    Source Clock Delay      (SCD):    1.467ns
    Clock Pessimism Removal (CPR):    0.511ns

    Location             Delay type                Incr(ns)  Path(ns)    Netlist Resource(s)
  -------------------------------------------------------------------    -------------------
                         (clock sys_clk_pin rise edge)
                                                      0.000     0.000 r  
    W5                                                0.000     0.000 r  clk (IN)
                         net (fo=0)                   0.000     0.000    clk
    W5                   IBUF (Prop_ibuf_I_O)         0.226     0.226 r  clk_IBUF_inst/O
                         net (fo=1, routed)           0.631     0.858    clk_IBUF
    BUFGCTRL_X0Y0        BUFG (Prop_bufg_I_O)         0.026     0.884 r  clk_IBUF_BUFG_inst/O
                         net (fo=17, routed)          0.584     1.467    U_FND_CNTL/U_CLK_DIV/counter_reg_reg[15]_0
    SLICE_X61Y27         FDCE                                         r  U_FND_CNTL/U_CLK_DIV/counter_reg_reg[11]/C
  -------------------------------------------------------------------    -------------------
    SLICE_X61Y27         FDCE (Prop_fdce_C_Q)         0.141     1.608 r  U_FND_CNTL/U_CLK_DIV/counter_reg_reg[11]/Q
                         net (fo=2, routed)           0.066     1.674    U_FND_CNTL/U_CLK_DIV/counter_reg[11]
    SLICE_X60Y27         CARRY4 (Prop_carry4_S[2]_O[2])
                                                      0.110     1.784 r  U_FND_CNTL/U_CLK_DIV/counter_reg0_carry__1/O[2]
                         net (fo=1, routed)           0.161     1.946    U_FND_CNTL/U_CLK_DIV/data0[11]
    SLICE_X61Y27         LUT2 (Prop_lut2_I1_O)        0.108     2.054 r  U_FND_CNTL/U_CLK_DIV/counter_reg[11]_i_1/O
                         net (fo=1, routed)           0.000     2.054    U_FND_CNTL/U_CLK_DIV/counter_reg_0[11]
    SLICE_X61Y27         FDCE                                         r  U_FND_CNTL/U_CLK_DIV/counter_reg_reg[11]/D
  -------------------------------------------------------------------    -------------------

                         (clock sys_clk_pin rise edge)
                                                      0.000     0.000 r  
    W5                                                0.000     0.000 r  clk (IN)
                         net (fo=0)                   0.000     0.000    clk
    W5                   IBUF (Prop_ibuf_I_O)         0.414     0.414 r  clk_IBUF_inst/O
                         net (fo=1, routed)           0.685     1.099    clk_IBUF
    BUFGCTRL_X0Y0        BUFG (Prop_bufg_I_O)         0.029     1.128 r  clk_IBUF_BUFG_inst/O
                         net (fo=17, routed)          0.851     1.978    U_FND_CNTL/U_CLK_DIV/counter_reg_reg[15]_0
    SLICE_X61Y27         FDCE                                         r  U_FND_CNTL/U_CLK_DIV/counter_reg_reg[11]/C
                         clock pessimism             -0.511     1.467    
    SLICE_X61Y27         FDCE (Hold_fdce_C_D)         0.092     1.559    U_FND_CNTL/U_CLK_DIV/counter_reg_reg[11]
  -------------------------------------------------------------------
                         required time                         -1.559    
                         arrival time                           2.054    
  -------------------------------------------------------------------
                         slack                                  0.494    

Slack (MET) :             0.538ns  (arrival time - required time)
  Source:                 U_FND_CNTL/U_CLK_DIV/counter_reg_reg[10]/C
                            (rising edge-triggered cell FDCE clocked by sys_clk_pin  {rise@0.000ns fall@5.000ns period=10.000ns})
  Destination:            U_FND_CNTL/U_CLK_DIV/counter_reg_reg[10]/D
                            (rising edge-triggered cell FDCE clocked by sys_clk_pin  {rise@0.000ns fall@5.000ns period=10.000ns})
  Path Group:             sys_clk_pin
  Path Type:              Hold (Min at Fast Process Corner)
  Requirement:            0.000ns  (sys_clk_pin rise@0.000ns - sys_clk_pin rise@0.000ns)
  Data Path Delay:        0.629ns  (logic 0.360ns (57.262%)  route 0.269ns (42.738%))
  Logic Levels:           2  (CARRY4=1 LUT2=1)
  Clock Path Skew:        0.000ns (DCD - SCD - CPR)
    Destination Clock Delay (DCD):    1.978ns
    Source Clock Delay      (SCD):    1.467ns
    Clock Pessimism Removal (CPR):    0.511ns

    Location             Delay type                Incr(ns)  Path(ns)    Netlist Resource(s)
  -------------------------------------------------------------------    -------------------
                         (clock sys_clk_pin rise edge)
                                                      0.000     0.000 r  
    W5                                                0.000     0.000 r  clk (IN)
                         net (fo=0)                   0.000     0.000    clk
    W5                   IBUF (Prop_ibuf_I_O)         0.226     0.226 r  clk_IBUF_inst/O
                         net (fo=1, routed)           0.631     0.858    clk_IBUF
    BUFGCTRL_X0Y0        BUFG (Prop_bufg_I_O)         0.026     0.884 r  clk_IBUF_BUFG_inst/O
                         net (fo=17, routed)          0.584     1.467    U_FND_CNTL/U_CLK_DIV/counter_reg_reg[15]_0
    SLICE_X61Y27         FDCE                                         r  U_FND_CNTL/U_CLK_DIV/counter_reg_reg[10]/C
  -------------------------------------------------------------------    -------------------
    SLICE_X61Y27         FDCE (Prop_fdce_C_Q)         0.141     1.608 r  U_FND_CNTL/U_CLK_DIV/counter_reg_reg[10]/Q
                         net (fo=2, routed)           0.127     1.735    U_FND_CNTL/U_CLK_DIV/counter_reg[10]
    SLICE_X60Y27         CARRY4 (Prop_carry4_S[1]_O[1])
                                                      0.111     1.846 r  U_FND_CNTL/U_CLK_DIV/counter_reg0_carry__1/O[1]
                         net (fo=1, routed)           0.142     1.988    U_FND_CNTL/U_CLK_DIV/data0[10]
    SLICE_X61Y27         LUT2 (Prop_lut2_I1_O)        0.108     2.096 r  U_FND_CNTL/U_CLK_DIV/counter_reg[10]_i_1/O
                         net (fo=1, routed)           0.000     2.096    U_FND_CNTL/U_CLK_DIV/counter_reg_0[10]
    SLICE_X61Y27         FDCE                                         r  U_FND_CNTL/U_CLK_DIV/counter_reg_reg[10]/D
  -------------------------------------------------------------------    -------------------

                         (clock sys_clk_pin rise edge)
                                                      0.000     0.000 r  
    W5                                                0.000     0.000 r  clk (IN)
                         net (fo=0)                   0.000     0.000    clk
    W5                   IBUF (Prop_ibuf_I_O)         0.414     0.414 r  clk_IBUF_inst/O
                         net (fo=1, routed)           0.685     1.099    clk_IBUF
    BUFGCTRL_X0Y0        BUFG (Prop_bufg_I_O)         0.029     1.128 r  clk_IBUF_BUFG_inst/O
                         net (fo=17, routed)          0.851     1.978    U_FND_CNTL/U_CLK_DIV/counter_reg_reg[15]_0
    SLICE_X61Y27         FDCE                                         r  U_FND_CNTL/U_CLK_DIV/counter_reg_reg[10]/C
                         clock pessimism             -0.511     1.467    
    SLICE_X61Y27         FDCE (Hold_fdce_C_D)         0.091     1.558    U_FND_CNTL/U_CLK_DIV/counter_reg_reg[10]
  -------------------------------------------------------------------
                         required time                         -1.558    
                         arrival time                           2.096    
  -------------------------------------------------------------------
                         slack                                  0.538    

Slack (MET) :             0.539ns  (arrival time - required time)
  Source:                 U_FND_CNTL/U_CLK_DIV/counter_reg_reg[2]/C
                            (rising edge-triggered cell FDCE clocked by sys_clk_pin  {rise@0.000ns fall@5.000ns period=10.000ns})
  Destination:            U_FND_CNTL/U_CLK_DIV/counter_reg_reg[9]/D
                            (rising edge-triggered cell FDCE clocked by sys_clk_pin  {rise@0.000ns fall@5.000ns period=10.000ns})
  Path Group:             sys_clk_pin
  Path Type:              Hold (Min at Fast Process Corner)
  Requirement:            0.000ns  (sys_clk_pin rise@0.000ns - sys_clk_pin rise@0.000ns)
  Data Path Delay:        0.660ns  (logic 0.234ns (35.451%)  route 0.426ns (64.549%))
  Logic Levels:           2  (LUT2=1 LUT6=1)
  Clock Path Skew:        0.014ns (DCD - SCD - CPR)
    Destination Clock Delay (DCD):    1.976ns
    Source Clock Delay      (SCD):    1.464ns
    Clock Pessimism Removal (CPR):    0.498ns

    Location             Delay type                Incr(ns)  Path(ns)    Netlist Resource(s)
  -------------------------------------------------------------------    -------------------
                         (clock sys_clk_pin rise edge)
                                                      0.000     0.000 r  
    W5                                                0.000     0.000 r  clk (IN)
                         net (fo=0)                   0.000     0.000    clk
    W5                   IBUF (Prop_ibuf_I_O)         0.226     0.226 r  clk_IBUF_inst/O
                         net (fo=1, routed)           0.631     0.858    clk_IBUF
    BUFGCTRL_X0Y0        BUFG (Prop_bufg_I_O)         0.026     0.884 r  clk_IBUF_BUFG_inst/O
                         net (fo=17, routed)          0.581     1.464    U_FND_CNTL/U_CLK_DIV/counter_reg_reg[15]_0
    SLICE_X61Y25         FDCE                                         r  U_FND_CNTL/U_CLK_DIV/counter_reg_reg[2]/C
  -------------------------------------------------------------------    -------------------
    SLICE_X61Y25         FDCE (Prop_fdce_C_Q)         0.141     1.605 f  U_FND_CNTL/U_CLK_DIV/counter_reg_reg[2]/Q
                         net (fo=2, routed)           0.252     1.857    U_FND_CNTL/U_CLK_DIV/counter_reg[2]
    SLICE_X62Y25         LUT6 (Prop_lut6_I4_O)        0.045     1.902 r  U_FND_CNTL/U_CLK_DIV/counter_reg[15]_i_2/O
                         net (fo=16, routed)          0.174     2.076    U_FND_CNTL/U_CLK_DIV/counter_reg[15]_i_2_n_0
    SLICE_X61Y26         LUT2 (Prop_lut2_I0_O)        0.048     2.124 r  U_FND_CNTL/U_CLK_DIV/counter_reg[9]_i_1/O
                         net (fo=1, routed)           0.000     2.124    U_FND_CNTL/U_CLK_DIV/counter_reg_0[9]
    SLICE_X61Y26         FDCE                                         r  U_FND_CNTL/U_CLK_DIV/counter_reg_reg[9]/D
  -------------------------------------------------------------------    -------------------

                         (clock sys_clk_pin rise edge)
                                                      0.000     0.000 r  
    W5                                                0.000     0.000 r  clk (IN)
                         net (fo=0)                   0.000     0.000    clk
    W5                   IBUF (Prop_ibuf_I_O)         0.414     0.414 r  clk_IBUF_inst/O
                         net (fo=1, routed)           0.685     1.099    clk_IBUF
    BUFGCTRL_X0Y0        BUFG (Prop_bufg_I_O)         0.029     1.128 r  clk_IBUF_BUFG_inst/O
                         net (fo=17, routed)          0.849     1.976    U_FND_CNTL/U_CLK_DIV/counter_reg_reg[15]_0
    SLICE_X61Y26         FDCE                                         r  U_FND_CNTL/U_CLK_DIV/counter_reg_reg[9]/C
                         clock pessimism             -0.498     1.478    
    SLICE_X61Y26         FDCE (Hold_fdce_C_D)         0.107     1.585    U_FND_CNTL/U_CLK_DIV/counter_reg_reg[9]
  -------------------------------------------------------------------
                         required time                         -1.585    
                         arrival time                           2.124    
  -------------------------------------------------------------------
                         slack                                  0.539    

Slack (MET) :             0.541ns  (arrival time - required time)
  Source:                 U_FND_CNTL/U_CLK_DIV/counter_reg_reg[2]/C
                            (rising edge-triggered cell FDCE clocked by sys_clk_pin  {rise@0.000ns fall@5.000ns period=10.000ns})
  Destination:            U_FND_CNTL/U_CLK_DIV/counter_reg_reg[8]/D
                            (rising edge-triggered cell FDCE clocked by sys_clk_pin  {rise@0.000ns fall@5.000ns period=10.000ns})
  Path Group:             sys_clk_pin
  Path Type:              Hold (Min at Fast Process Corner)
  Requirement:            0.000ns  (sys_clk_pin rise@0.000ns - sys_clk_pin rise@0.000ns)
  Data Path Delay:        0.662ns  (logic 0.235ns (35.495%)  route 0.427ns (64.505%))
  Logic Levels:           2  (LUT2=1 LUT6=1)
  Clock Path Skew:        0.014ns (DCD - SCD - CPR)
    Destination Clock Delay (DCD):    1.976ns
    Source Clock Delay      (SCD):    1.464ns
    Clock Pessimism Removal (CPR):    0.498ns

    Location             Delay type                Incr(ns)  Path(ns)    Netlist Resource(s)
  -------------------------------------------------------------------    -------------------
                         (clock sys_clk_pin rise edge)
                                                      0.000     0.000 r  
    W5                                                0.000     0.000 r  clk (IN)
                         net (fo=0)                   0.000     0.000    clk
    W5                   IBUF (Prop_ibuf_I_O)         0.226     0.226 r  clk_IBUF_inst/O
                         net (fo=1, routed)           0.631     0.858    clk_IBUF
    BUFGCTRL_X0Y0        BUFG (Prop_bufg_I_O)         0.026     0.884 r  clk_IBUF_BUFG_inst/O
                         net (fo=17, routed)          0.581     1.464    U_FND_CNTL/U_CLK_DIV/counter_reg_reg[15]_0
    SLICE_X61Y25         FDCE                                         r  U_FND_CNTL/U_CLK_DIV/counter_reg_reg[2]/C
  -------------------------------------------------------------------    -------------------
    SLICE_X61Y25         FDCE (Prop_fdce_C_Q)         0.141     1.605 f  U_FND_CNTL/U_CLK_DIV/counter_reg_reg[2]/Q
                         net (fo=2, routed)           0.252     1.857    U_FND_CNTL/U_CLK_DIV/counter_reg[2]
    SLICE_X62Y25         LUT6 (Prop_lut6_I4_O)        0.045     1.902 r  U_FND_CNTL/U_CLK_DIV/counter_reg[15]_i_2/O
                         net (fo=16, routed)          0.175     2.077    U_FND_CNTL/U_CLK_DIV/counter_reg[15]_i_2_n_0
    SLICE_X61Y26         LUT2 (Prop_lut2_I0_O)        0.049     2.126 r  U_FND_CNTL/U_CLK_DIV/counter_reg[8]_i_1/O
                         net (fo=1, routed)           0.000     2.126    U_FND_CNTL/U_CLK_DIV/counter_reg_0[8]
    SLICE_X61Y26         FDCE                                         r  U_FND_CNTL/U_CLK_DIV/counter_reg_reg[8]/D
  -------------------------------------------------------------------    -------------------

                         (clock sys_clk_pin rise edge)
                                                      0.000     0.000 r  
    W5                                                0.000     0.000 r  clk (IN)
                         net (fo=0)                   0.000     0.000    clk
    W5                   IBUF (Prop_ibuf_I_O)         0.414     0.414 r  clk_IBUF_inst/O
                         net (fo=1, routed)           0.685     1.099    clk_IBUF
    BUFGCTRL_X0Y0        BUFG (Prop_bufg_I_O)         0.029     1.128 r  clk_IBUF_BUFG_inst/O
                         net (fo=17, routed)          0.849     1.976    U_FND_CNTL/U_CLK_DIV/counter_reg_reg[15]_0
    SLICE_X61Y26         FDCE                                         r  U_FND_CNTL/U_CLK_DIV/counter_reg_reg[8]/C
                         clock pessimism             -0.498     1.478    
    SLICE_X61Y26         FDCE (Hold_fdce_C_D)         0.107     1.585    U_FND_CNTL/U_CLK_DIV/counter_reg_reg[8]
  -------------------------------------------------------------------
                         required time                         -1.585    
                         arrival time                           2.126    
  -------------------------------------------------------------------
                         slack                                  0.541    

Slack (MET) :             0.552ns  (arrival time - required time)
  Source:                 U_FND_CNTL/U_CLK_DIV/counter_reg_reg[2]/C
                            (rising edge-triggered cell FDCE clocked by sys_clk_pin  {rise@0.000ns fall@5.000ns period=10.000ns})
  Destination:            U_FND_CNTL/U_CLK_DIV/counter_reg_reg[1]/D
                            (rising edge-triggered cell FDCE clocked by sys_clk_pin  {rise@0.000ns fall@5.000ns period=10.000ns})
  Path Group:             sys_clk_pin
  Path Type:              Hold (Min at Fast Process Corner)
  Requirement:            0.000ns  (sys_clk_pin rise@0.000ns - sys_clk_pin rise@0.000ns)
  Data Path Delay:        0.659ns  (logic 0.234ns (35.532%)  route 0.425ns (64.468%))
  Logic Levels:           2  (LUT2=1 LUT6=1)
  Clock Path Skew:        0.000ns (DCD - SCD - CPR)
    Destination Clock Delay (DCD):    1.975ns
    Source Clock Delay      (SCD):    1.464ns
    Clock Pessimism Removal (CPR):    0.511ns

    Location             Delay type                Incr(ns)  Path(ns)    Netlist Resource(s)
  -------------------------------------------------------------------    -------------------
                         (clock sys_clk_pin rise edge)
                                                      0.000     0.000 r  
    W5                                                0.000     0.000 r  clk (IN)
                         net (fo=0)                   0.000     0.000    clk
    W5                   IBUF (Prop_ibuf_I_O)         0.226     0.226 r  clk_IBUF_inst/O
                         net (fo=1, routed)           0.631     0.858    clk_IBUF
    BUFGCTRL_X0Y0        BUFG (Prop_bufg_I_O)         0.026     0.884 r  clk_IBUF_BUFG_inst/O
                         net (fo=17, routed)          0.581     1.464    U_FND_CNTL/U_CLK_DIV/counter_reg_reg[15]_0
    SLICE_X61Y25         FDCE                                         r  U_FND_CNTL/U_CLK_DIV/counter_reg_reg[2]/C
  -------------------------------------------------------------------    -------------------
    SLICE_X61Y25         FDCE (Prop_fdce_C_Q)         0.141     1.605 f  U_FND_CNTL/U_CLK_DIV/counter_reg_reg[2]/Q
                         net (fo=2, routed)           0.252     1.857    U_FND_CNTL/U_CLK_DIV/counter_reg[2]
    SLICE_X62Y25         LUT6 (Prop_lut6_I4_O)        0.045     1.902 r  U_FND_CNTL/U_CLK_DIV/counter_reg[15]_i_2/O
                         net (fo=16, routed)          0.173     2.075    U_FND_CNTL/U_CLK_DIV/counter_reg[15]_i_2_n_0
    SLICE_X61Y25         LUT2 (Prop_lut2_I0_O)        0.048     2.123 r  U_FND_CNTL/U_CLK_DIV/counter_reg[1]_i_1__0/O
                         net (fo=1, routed)           0.000     2.123    U_FND_CNTL/U_CLK_DIV/counter_reg_0[1]
    SLICE_X61Y25         FDCE                                         r  U_FND_CNTL/U_CLK_DIV/counter_reg_reg[1]/D
  -------------------------------------------------------------------    -------------------

                         (clock sys_clk_pin rise edge)
                                                      0.000     0.000 r  
    W5                                                0.000     0.000 r  clk (IN)
                         net (fo=0)                   0.000     0.000    clk
    W5                   IBUF (Prop_ibuf_I_O)         0.414     0.414 r  clk_IBUF_inst/O
                         net (fo=1, routed)           0.685     1.099    clk_IBUF
    BUFGCTRL_X0Y0        BUFG (Prop_bufg_I_O)         0.029     1.128 r  clk_IBUF_BUFG_inst/O
                         net (fo=17, routed)          0.848     1.975    U_FND_CNTL/U_CLK_DIV/counter_reg_reg[15]_0
    SLICE_X61Y25         FDCE                                         r  U_FND_CNTL/U_CLK_DIV/counter_reg_reg[1]/C
                         clock pessimism             -0.511     1.464    
    SLICE_X61Y25         FDCE (Hold_fdce_C_D)         0.107     1.571    U_FND_CNTL/U_CLK_DIV/counter_reg_reg[1]
  -------------------------------------------------------------------
                         required time                         -1.571    
                         arrival time                           2.123    
  -------------------------------------------------------------------
                         slack                                  0.552    

Slack (MET) :             0.552ns  (arrival time - required time)
  Source:                 U_FND_CNTL/U_CLK_DIV/counter_reg_reg[2]/C
                            (rising edge-triggered cell FDCE clocked by sys_clk_pin  {rise@0.000ns fall@5.000ns period=10.000ns})
  Destination:            U_FND_CNTL/U_CLK_DIV/counter_reg_reg[6]/D
                            (rising edge-triggered cell FDCE clocked by sys_clk_pin  {rise@0.000ns fall@5.000ns period=10.000ns})
  Path Group:             sys_clk_pin
  Path Type:              Hold (Min at Fast Process Corner)
  Requirement:            0.000ns  (sys_clk_pin rise@0.000ns - sys_clk_pin rise@0.000ns)
  Data Path Delay:        0.657ns  (logic 0.231ns (35.156%)  route 0.426ns (64.844%))
  Logic Levels:           2  (LUT2=1 LUT6=1)
  Clock Path Skew:        0.014ns (DCD - SCD - CPR)
    Destination Clock Delay (DCD):    1.976ns
    Source Clock Delay      (SCD):    1.464ns
    Clock Pessimism Removal (CPR):    0.498ns

    Location             Delay type                Incr(ns)  Path(ns)    Netlist Resource(s)
  -------------------------------------------------------------------    -------------------
                         (clock sys_clk_pin rise edge)
                                                      0.000     0.000 r  
    W5                                                0.000     0.000 r  clk (IN)
                         net (fo=0)                   0.000     0.000    clk
    W5                   IBUF (Prop_ibuf_I_O)         0.226     0.226 r  clk_IBUF_inst/O
                         net (fo=1, routed)           0.631     0.858    clk_IBUF
    BUFGCTRL_X0Y0        BUFG (Prop_bufg_I_O)         0.026     0.884 r  clk_IBUF_BUFG_inst/O
                         net (fo=17, routed)          0.581     1.464    U_FND_CNTL/U_CLK_DIV/counter_reg_reg[15]_0
    SLICE_X61Y25         FDCE                                         r  U_FND_CNTL/U_CLK_DIV/counter_reg_reg[2]/C
  -------------------------------------------------------------------    -------------------
    SLICE_X61Y25         FDCE (Prop_fdce_C_Q)         0.141     1.605 f  U_FND_CNTL/U_CLK_DIV/counter_reg_reg[2]/Q
                         net (fo=2, routed)           0.252     1.857    U_FND_CNTL/U_CLK_DIV/counter_reg[2]
    SLICE_X62Y25         LUT6 (Prop_lut6_I4_O)        0.045     1.902 r  U_FND_CNTL/U_CLK_DIV/counter_reg[15]_i_2/O
                         net (fo=16, routed)          0.174     2.076    U_FND_CNTL/U_CLK_DIV/counter_reg[15]_i_2_n_0
    SLICE_X61Y26         LUT2 (Prop_lut2_I0_O)        0.045     2.121 r  U_FND_CNTL/U_CLK_DIV/counter_reg[6]_i_1/O
                         net (fo=1, routed)           0.000     2.121    U_FND_CNTL/U_CLK_DIV/counter_reg_0[6]
    SLICE_X61Y26         FDCE                                         r  U_FND_CNTL/U_CLK_DIV/counter_reg_reg[6]/D
  -------------------------------------------------------------------    -------------------

                         (clock sys_clk_pin rise edge)
                                                      0.000     0.000 r  
    W5                                                0.000     0.000 r  clk (IN)
                         net (fo=0)                   0.000     0.000    clk
    W5                   IBUF (Prop_ibuf_I_O)         0.414     0.414 r  clk_IBUF_inst/O
                         net (fo=1, routed)           0.685     1.099    clk_IBUF
    BUFGCTRL_X0Y0        BUFG (Prop_bufg_I_O)         0.029     1.128 r  clk_IBUF_BUFG_inst/O
                         net (fo=17, routed)          0.849     1.976    U_FND_CNTL/U_CLK_DIV/counter_reg_reg[15]_0
    SLICE_X61Y26         FDCE                                         r  U_FND_CNTL/U_CLK_DIV/counter_reg_reg[6]/C
                         clock pessimism             -0.498     1.478    
    SLICE_X61Y26         FDCE (Hold_fdce_C_D)         0.091     1.569    U_FND_CNTL/U_CLK_DIV/counter_reg_reg[6]
  -------------------------------------------------------------------
                         required time                         -1.569    
                         arrival time                           2.121    
  -------------------------------------------------------------------
                         slack                                  0.552    

Slack (MET) :             0.554ns  (arrival time - required time)
  Source:                 U_FND_CNTL/U_CLK_DIV/counter_reg_reg[2]/C
                            (rising edge-triggered cell FDCE clocked by sys_clk_pin  {rise@0.000ns fall@5.000ns period=10.000ns})
  Destination:            U_FND_CNTL/U_CLK_DIV/counter_reg_reg[3]/D
                            (rising edge-triggered cell FDCE clocked by sys_clk_pin  {rise@0.000ns fall@5.000ns period=10.000ns})
  Path Group:             sys_clk_pin
  Path Type:              Hold (Min at Fast Process Corner)
  Requirement:            0.000ns  (sys_clk_pin rise@0.000ns - sys_clk_pin rise@0.000ns)
  Data Path Delay:        0.661ns  (logic 0.235ns (35.576%)  route 0.426ns (64.424%))
  Logic Levels:           2  (LUT2=1 LUT6=1)
  Clock Path Skew:        0.000ns (DCD - SCD - CPR)
    Destination Clock Delay (DCD):    1.975ns
    Source Clock Delay      (SCD):    1.464ns
    Clock Pessimism Removal (CPR):    0.511ns

    Location             Delay type                Incr(ns)  Path(ns)    Netlist Resource(s)
  -------------------------------------------------------------------    -------------------
                         (clock sys_clk_pin rise edge)
                                                      0.000     0.000 r  
    W5                                                0.000     0.000 r  clk (IN)
                         net (fo=0)                   0.000     0.000    clk
    W5                   IBUF (Prop_ibuf_I_O)         0.226     0.226 r  clk_IBUF_inst/O
                         net (fo=1, routed)           0.631     0.858    clk_IBUF
    BUFGCTRL_X0Y0        BUFG (Prop_bufg_I_O)         0.026     0.884 r  clk_IBUF_BUFG_inst/O
                         net (fo=17, routed)          0.581     1.464    U_FND_CNTL/U_CLK_DIV/counter_reg_reg[15]_0
    SLICE_X61Y25         FDCE                                         r  U_FND_CNTL/U_CLK_DIV/counter_reg_reg[2]/C
  -------------------------------------------------------------------    -------------------
    SLICE_X61Y25         FDCE (Prop_fdce_C_Q)         0.141     1.605 f  U_FND_CNTL/U_CLK_DIV/counter_reg_reg[2]/Q
                         net (fo=2, routed)           0.252     1.857    U_FND_CNTL/U_CLK_DIV/counter_reg[2]
    SLICE_X62Y25         LUT6 (Prop_lut6_I4_O)        0.045     1.902 r  U_FND_CNTL/U_CLK_DIV/counter_reg[15]_i_2/O
                         net (fo=16, routed)          0.174     2.076    U_FND_CNTL/U_CLK_DIV/counter_reg[15]_i_2_n_0
    SLICE_X61Y25         LUT2 (Prop_lut2_I0_O)        0.049     2.125 r  U_FND_CNTL/U_CLK_DIV/counter_reg[3]_i_1/O
                         net (fo=1, routed)           0.000     2.125    U_FND_CNTL/U_CLK_DIV/counter_reg_0[3]
    SLICE_X61Y25         FDCE                                         r  U_FND_CNTL/U_CLK_DIV/counter_reg_reg[3]/D
  -------------------------------------------------------------------    -------------------

                         (clock sys_clk_pin rise edge)
                                                      0.000     0.000 r  
    W5                                                0.000     0.000 r  clk (IN)
                         net (fo=0)                   0.000     0.000    clk
    W5                   IBUF (Prop_ibuf_I_O)         0.414     0.414 r  clk_IBUF_inst/O
                         net (fo=1, routed)           0.685     1.099    clk_IBUF
    BUFGCTRL_X0Y0        BUFG (Prop_bufg_I_O)         0.029     1.128 r  clk_IBUF_BUFG_inst/O
                         net (fo=17, routed)          0.848     1.975    U_FND_CNTL/U_CLK_DIV/counter_reg_reg[15]_0
    SLICE_X61Y25         FDCE                                         r  U_FND_CNTL/U_CLK_DIV/counter_reg_reg[3]/C
                         clock pessimism             -0.511     1.464    
    SLICE_X61Y25         FDCE (Hold_fdce_C_D)         0.107     1.571    U_FND_CNTL/U_CLK_DIV/counter_reg_reg[3]
  -------------------------------------------------------------------
                         required time                         -1.571    
                         arrival time                           2.125    
  -------------------------------------------------------------------
                         slack                                  0.554    





Pulse Width Checks
--------------------------------------------------------------------------------------
Clock Name:         sys_clk_pin
Waveform(ns):       { 0.000 5.000 }
Period(ns):         10.000
Sources:            { clk }

Check Type        Corner  Lib Pin  Reference Pin  Required(ns)  Actual(ns)  Slack(ns)  Location       Pin
Min Period        n/a     BUFG/I   n/a            2.155         10.000      7.845      BUFGCTRL_X0Y0  clk_IBUF_BUFG_inst/I
Min Period        n/a     FDCE/C   n/a            1.000         10.000      9.000      SLICE_X61Y25   U_FND_CNTL/U_CLK_DIV/clk_reg_reg/C
Min Period        n/a     FDCE/C   n/a            1.000         10.000      9.000      SLICE_X61Y25   U_FND_CNTL/U_CLK_DIV/counter_reg_reg[0]/C
Min Period        n/a     FDCE/C   n/a            1.000         10.000      9.000      SLICE_X61Y27   U_FND_CNTL/U_CLK_DIV/counter_reg_reg[10]/C
Min Period        n/a     FDCE/C   n/a            1.000         10.000      9.000      SLICE_X61Y27   U_FND_CNTL/U_CLK_DIV/counter_reg_reg[11]/C
Min Period        n/a     FDCE/C   n/a            1.000         10.000      9.000      SLICE_X61Y27   U_FND_CNTL/U_CLK_DIV/counter_reg_reg[12]/C
Min Period        n/a     FDCE/C   n/a            1.000         10.000      9.000      SLICE_X61Y27   U_FND_CNTL/U_CLK_DIV/counter_reg_reg[13]/C
Min Period        n/a     FDCE/C   n/a            1.000         10.000      9.000      SLICE_X61Y27   U_FND_CNTL/U_CLK_DIV/counter_reg_reg[14]/C
Min Period        n/a     FDCE/C   n/a            1.000         10.000      9.000      SLICE_X61Y27   U_FND_CNTL/U_CLK_DIV/counter_reg_reg[15]/C
Min Period        n/a     FDCE/C   n/a            1.000         10.000      9.000      SLICE_X61Y25   U_FND_CNTL/U_CLK_DIV/counter_reg_reg[1]/C
Low Pulse Width   Fast    FDCE/C   n/a            0.500         5.000       4.500      SLICE_X61Y26   U_FND_CNTL/U_CLK_DIV/counter_reg_reg[6]/C
Low Pulse Width   Fast    FDCE/C   n/a            0.500         5.000       4.500      SLICE_X61Y26   U_FND_CNTL/U_CLK_DIV/counter_reg_reg[7]/C
Low Pulse Width   Fast    FDCE/C   n/a            0.500         5.000       4.500      SLICE_X61Y26   U_FND_CNTL/U_CLK_DIV/counter_reg_reg[8]/C
Low Pulse Width   Fast    FDCE/C   n/a            0.500         5.000       4.500      SLICE_X61Y26   U_FND_CNTL/U_CLK_DIV/counter_reg_reg[9]/C
Low Pulse Width   Fast    FDCE/C   n/a            0.500         5.000       4.500      SLICE_X61Y25   U_FND_CNTL/U_CLK_DIV/clk_reg_reg/C
Low Pulse Width   Fast    FDCE/C   n/a            0.500         5.000       4.500      SLICE_X61Y25   U_FND_CNTL/U_CLK_DIV/counter_reg_reg[0]/C
Low Pulse Width   Fast    FDCE/C   n/a            0.500         5.000       4.500      SLICE_X61Y27   U_FND_CNTL/U_CLK_DIV/counter_reg_reg[10]/C
Low Pulse Width   Fast    FDCE/C   n/a            0.500         5.000       4.500      SLICE_X61Y27   U_FND_CNTL/U_CLK_DIV/counter_reg_reg[11]/C
Low Pulse Width   Fast    FDCE/C   n/a            0.500         5.000       4.500      SLICE_X61Y27   U_FND_CNTL/U_CLK_DIV/counter_reg_reg[12]/C
Low Pulse Width   Fast    FDCE/C   n/a            0.500         5.000       4.500      SLICE_X61Y27   U_FND_CNTL/U_CLK_DIV/counter_reg_reg[13]/C
High Pulse Width  Slow    FDCE/C   n/a            0.500         5.000       4.500      SLICE_X61Y25   U_FND_CNTL/U_CLK_DIV/clk_reg_reg/C
High Pulse Width  Fast    FDCE/C   n/a            0.500         5.000       4.500      SLICE_X61Y25   U_FND_CNTL/U_CLK_DIV/clk_reg_reg/C
High Pulse Width  Slow    FDCE/C   n/a            0.500         5.000       4.500      SLICE_X61Y25   U_FND_CNTL/U_CLK_DIV/counter_reg_reg[0]/C
High Pulse Width  Fast    FDCE/C   n/a            0.500         5.000       4.500      SLICE_X61Y25   U_FND_CNTL/U_CLK_DIV/counter_reg_reg[0]/C
High Pulse Width  Slow    FDCE/C   n/a            0.500         5.000       4.500      SLICE_X61Y27   U_FND_CNTL/U_CLK_DIV/counter_reg_reg[10]/C
High Pulse Width  Slow    FDCE/C   n/a            0.500         5.000       4.500      SLICE_X61Y27   U_FND_CNTL/U_CLK_DIV/counter_reg_reg[11]/C
High Pulse Width  Slow    FDCE/C   n/a            0.500         5.000       4.500      SLICE_X61Y27   U_FND_CNTL/U_CLK_DIV/counter_reg_reg[12]/C
High Pulse Width  Slow    FDCE/C   n/a            0.500         5.000       4.500      SLICE_X61Y27   U_FND_CNTL/U_CLK_DIV/counter_reg_reg[13]/C
High Pulse Width  Slow    FDCE/C   n/a            0.500         5.000       4.500      SLICE_X61Y27   U_FND_CNTL/U_CLK_DIV/counter_reg_reg[14]/C
High Pulse Width  Slow    FDCE/C   n/a            0.500         5.000       4.500      SLICE_X61Y27   U_FND_CNTL/U_CLK_DIV/counter_reg_reg[15]/C



