Copyright 1986-2020 Xilinx, Inc. All Rights Reserved.
--------------------------------------------------------------------------------------------------------------------------------------------------------------------------------------------------
| Tool Version : Vivado v.2020.2 (win64) Build 3064766 Wed Nov 18 09:12:45 MST 2020
| Date         : Wed Jul 22 07:48:11 2026
| Host         : DESKTOP-7CFQ9ND running 64-bit major release  (build 9200)
| Command      : report_timing_summary -max_paths 10 -file adder_fnd_timing_summary_routed.rpt -pb adder_fnd_timing_summary_routed.pb -rpx adder_fnd_timing_summary_routed.rpx -warn_on_violation
| Design       : adder_fnd
| Device       : 7a35t-cpg236
| Speed File   : -1  PRODUCTION 1.23 2018-06-13
--------------------------------------------------------------------------------------------------------------------------------------------------------------------------------------------------

Timing Summary Report

------------------------------------------------------------------------------------------------
| Timer Settings
| --------------
------------------------------------------------------------------------------------------------

  Enable Multi Corner Analysis               :  Yes
  Enable Pessimism Removal                   :  Yes
  Pessimism Removal Resolution               :  Nearest Common Node
  Enable Input Delay Default Clock           :  No
  Enable Preset / Clear Arcs                 :  No
  Disable Flight Delays                      :  No
  Ignore I/O Paths                           :  No
  Timing Early Launch at Borrowing Latches   :  No
  Borrow Time for Max Delay Exceptions       :  Yes
  Merge Timing Exceptions                    :  Yes

  Corner  Analyze    Analyze    
  Name    Max Paths  Min Paths  
  ------  ---------  ---------  
  Slow    Yes        Yes        
  Fast    Yes        Yes        



check_timing report

Table of Contents
-----------------
1. checking no_clock (2)
2. checking constant_clock (0)
3. checking pulse_width_clock (0)
4. checking unconstrained_internal_endpoints (4)
5. checking no_input_delay (1)
6. checking no_output_delay (11)
7. checking multiple_clock (0)
8. checking generated_clocks (0)
9. checking loops (0)
10. checking partial_input_delay (0)
11. checking partial_output_delay (0)
12. checking latch_loops (0)

1. checking no_clock (2)
------------------------
 There are 2 register/latch pins with no clock driven by root clock pin: U_FND_CNTL/U_CLK_DIV/clk_reg_reg/Q (HIGH)


2. checking constant_clock (0)
------------------------------
 There are 0 register/latch pins with constant_clock.


3. checking pulse_width_clock (0)
---------------------------------
 There are 0 register/latch pins which need pulse_width check


4. checking unconstrained_internal_endpoints (4)
------------------------------------------------
 There are 4 pins that are not constrained for maximum delay. (HIGH)

 There are 0 pins that are not constrained for maximum delay due to constant clock.


5. checking no_input_delay (1)
------------------------------
 There is 1 input port with no input delay specified. (HIGH)

 There are 0 input ports with no input delay but user has a false path constraint.


6. checking no_output_delay (11)
--------------------------------
 There are 11 ports with no output delay specified. (HIGH)

 There are 0 ports with no output delay but user has a false path constraint

 There are 0 ports with no output delay but with a timing clock defined on it or propagating through it


7. checking multiple_clock (0)
------------------------------
 There are 0 register/latch pins with multiple clocks.


8. checking generated_clocks (0)
--------------------------------
 There are 0 generated clocks that are not connected to a clock source.


9. checking loops (0)
---------------------
 There are 0 combinational loops in the design.


10. checking partial_input_delay (0)
------------------------------------
 There are 0 input ports with partial input delay specified.


11. checking partial_output_delay (0)
-------------------------------------
 There are 0 ports with partial output delay specified.


12. checking latch_loops (0)
----------------------------
 There are 0 combinational latch loops in the design through latch input



------------------------------------------------------------------------------------------------
| Design Timing Summary
| ---------------------
------------------------------------------------------------------------------------------------

    WNS(ns)      TNS(ns)  TNS Failing Endpoints  TNS Total Endpoints      WHS(ns)      THS(ns)  THS Failing Endpoints  THS Total Endpoints     WPWS(ns)     TPWS(ns)  TPWS Failing Endpoints  TPWS Total Endpoints  
    -------      -------  ---------------------  -------------------      -------      -------  ---------------------  -------------------     --------     --------  ----------------------  --------------------  
      6.388        0.000                      0                   17        0.325        0.000                      0                   17        4.500        0.000                       0                    18  


All user specified timing constraints are met.


------------------------------------------------------------------------------------------------
| Clock Summary
| -------------
------------------------------------------------------------------------------------------------

Clock        Waveform(ns)       Period(ns)      Frequency(MHz)
-----        ------------       ----------      --------------
sys_clk_pin  {0.000 5.000}      10.000          100.000         


------------------------------------------------------------------------------------------------
| Intra Clock Table
| -----------------
------------------------------------------------------------------------------------------------

Clock             WNS(ns)      TNS(ns)  TNS Failing Endpoints  TNS Total Endpoints      WHS(ns)      THS(ns)  THS Failing Endpoints  THS Total Endpoints     WPWS(ns)     TPWS(ns)  TPWS Failing Endpoints  TPWS Total Endpoints  
-----             -------      -------  ---------------------  -------------------      -------      -------  ---------------------  -------------------     --------     --------  ----------------------  --------------------  
sys_clk_pin         6.388        0.000                      0                   17        0.325        0.000                      0                   17        4.500        0.000                       0                    18  


------------------------------------------------------------------------------------------------
| Inter Clock Table
| -----------------
------------------------------------------------------------------------------------------------

From Clock    To Clock          WNS(ns)      TNS(ns)  TNS Failing Endpoints  TNS Total Endpoints      WHS(ns)      THS(ns)  THS Failing Endpoints  THS Total Endpoints  
----------    --------          -------      -------  ---------------------  -------------------      -------      -------  ---------------------  -------------------  


------------------------------------------------------------------------------------------------
| Other Path Groups Table
| -----------------------
------------------------------------------------------------------------------------------------

Path Group    From Clock    To Clock          WNS(ns)      TNS(ns)  TNS Failing Endpoints  TNS Total Endpoints      WHS(ns)      THS(ns)  THS Failing Endpoints  THS Total Endpoints  
----------    ----------    --------          -------      -------  ---------------------  -------------------      -------      -------  ---------------------  -------------------  


------------------------------------------------------------------------------------------------
| Timing Details
| --------------
------------------------------------------------------------------------------------------------


---------------------------------------------------------------------------------------------------
From Clock:  sys_clk_pin
  To Clock:  sys_clk_pin

Setup :            0  Failing Endpoints,  Worst Slack        6.388ns,  Total Violation        0.000ns
Hold  :            0  Failing Endpoints,  Worst Slack        0.325ns,  Total Violation        0.000ns
PW    :            0  Failing Endpoints,  Worst Slack        4.500ns,  Total Violation        0.000ns
---------------------------------------------------------------------------------------------------


Max Delay Paths
--------------------------------------------------------------------------------------
Slack (MET) :             6.388ns  (required time - arrival time)
  Source:                 U_FND_CNTL/U_CLK_DIV/counter_reg_reg[8]/C
                            (rising edge-triggered cell FDCE clocked by sys_clk_pin  {rise@0.000ns fall@5.000ns period=10.000ns})
  Destination:            U_FND_CNTL/U_CLK_DIV/clk_reg_reg/D
                            (rising edge-triggered cell FDCE clocked by sys_clk_pin  {rise@0.000ns fall@5.000ns period=10.000ns})
  Path Group:             sys_clk_pin
  Path Type:              Setup (Max at Slow Process Corner)
  Requirement:            10.000ns  (sys_clk_pin rise@10.000ns - sys_clk_pin rise@0.000ns)
  Data Path Delay:        3.582ns  (logic 0.963ns (26.886%)  route 2.619ns (73.114%))
  Logic Levels:           3  (LUT3=1 LUT4=1 LUT6=1)
  Clock Path Skew:        -0.024ns (DCD - SCD + CPR)
    Destination Clock Delay (DCD):    4.842ns = ( 14.842 - 10.000 ) 
    Source Clock Delay      (SCD):    5.140ns
    Clock Pessimism Removal (CPR):    0.274ns
  Clock Uncertainty:      0.035ns  ((TSJ^2 + TIJ^2)^1/2 + DJ) / 2 + PE
    Total System Jitter     (TSJ):    0.071ns
    Total Input Jitter      (TIJ):    0.000ns
    Discrete Jitter          (DJ):    0.000ns
    Phase Error              (PE):    0.000ns

    Location             Delay type                Incr(ns)  Path(ns)    Netlist Resource(s)
  -------------------------------------------------------------------    -------------------
                         (clock sys_clk_pin rise edge)
                                                      0.000     0.000 r  
    W5                                                0.000     0.000 r  clk (IN)
                         net (fo=0)                   0.000     0.000    clk
    W5                   IBUF (Prop_ibuf_I_O)         1.458     1.458 r  clk_IBUF_inst/O
                         net (fo=1, routed)           1.967     3.425    clk_IBUF
    BUFGCTRL_X0Y0        BUFG (Prop_bufg_I_O)         0.096     3.521 r  clk_IBUF_BUFG_inst/O
                         net (fo=17, routed)          1.619     5.140    U_FND_CNTL/U_CLK_DIV/counter_reg_reg[15]_0
    SLICE_X61Y26         FDCE                                         r  U_FND_CNTL/U_CLK_DIV/counter_reg_reg[8]/C
  -------------------------------------------------------------------    -------------------
    SLICE_X61Y26         FDCE (Prop_fdce_C_Q)         0.419     5.559 f  U_FND_CNTL/U_CLK_DIV/counter_reg_reg[8]/Q
                         net (fo=2, routed)           0.817     6.376    U_FND_CNTL/U_CLK_DIV/counter_reg[8]
    SLICE_X61Y27         LUT4 (Prop_lut4_I3_O)        0.296     6.672 r  U_FND_CNTL/U_CLK_DIV/counter_reg[15]_i_3/O
                         net (fo=1, routed)           0.797     7.469    U_FND_CNTL/U_CLK_DIV/counter_reg[15]_i_3_n_0
    SLICE_X61Y28         LUT6 (Prop_lut6_I0_O)        0.124     7.593 r  U_FND_CNTL/U_CLK_DIV/counter_reg[15]_i_2/O
                         net (fo=17, routed)          1.005     8.598    U_FND_CNTL/U_CLK_DIV/counter_reg[15]_i_2_n_0
    SLICE_X61Y25         LUT3 (Prop_lut3_I0_O)        0.124     8.722 r  U_FND_CNTL/U_CLK_DIV/clk_reg_i_1/O
                         net (fo=1, routed)           0.000     8.722    U_FND_CNTL/U_CLK_DIV/clk_reg_i_1_n_0
    SLICE_X61Y25         FDCE                                         r  U_FND_CNTL/U_CLK_DIV/clk_reg_reg/D
  -------------------------------------------------------------------    -------------------

                         (clock sys_clk_pin rise edge)
                                                     10.000    10.000 r  
    W5                                                0.000    10.000 r  clk (IN)
                         net (fo=0)                   0.000    10.000    clk
    W5                   IBUF (Prop_ibuf_I_O)         1.388    11.388 r  clk_IBUF_inst/O
                         net (fo=1, routed)           1.862    13.250    clk_IBUF
    BUFGCTRL_X0Y0        BUFG (Prop_bufg_I_O)         0.091    13.341 r  clk_IBUF_BUFG_inst/O
                         net (fo=17, routed)          1.501    14.842    U_FND_CNTL/U_CLK_DIV/counter_reg_reg[15]_0
    SLICE_X61Y25         FDCE                                         r  U_FND_CNTL/U_CLK_DIV/clk_reg_reg/C
                         clock pessimism              0.274    15.116    
                         clock uncertainty           -0.035    15.081    
    SLICE_X61Y25         FDCE (Setup_fdce_C_D)        0.029    15.110    U_FND_CNTL/U_CLK_DIV/clk_reg_reg
  -------------------------------------------------------------------
                         required time                         15.110    
                         arrival time                          -8.722    
  -------------------------------------------------------------------
                         slack                                  6.388    

Slack (MET) :             6.408ns  (required time - arrival time)
  Source:                 U_FND_CNTL/U_CLK_DIV/counter_reg_reg[8]/C
                            (rising edge-triggered cell FDCE clocked by sys_clk_pin  {rise@0.000ns fall@5.000ns period=10.000ns})
  Destination:            U_FND_CNTL/U_CLK_DIV/counter_reg_reg[1]/D
                            (rising edge-triggered cell FDCE clocked by sys_clk_pin  {rise@0.000ns fall@5.000ns period=10.000ns})
  Path Group:             sys_clk_pin
  Path Type:              Setup (Max at Slow Process Corner)
  Requirement:            10.000ns  (sys_clk_pin rise@10.000ns - sys_clk_pin rise@0.000ns)
  Data Path Delay:        3.608ns  (logic 0.989ns (27.413%)  route 2.619ns (72.587%))
  Logic Levels:           3  (LUT3=1 LUT4=1 LUT6=1)
  Clock Path Skew:        -0.024ns (DCD - SCD + CPR)
    Destination Clock Delay (DCD):    4.842ns = ( 14.842 - 10.000 ) 
    Source Clock Delay      (SCD):    5.140ns
    Clock Pessimism Removal (CPR):    0.274ns
  Clock Uncertainty:      0.035ns  ((TSJ^2 + TIJ^2)^1/2 + DJ) / 2 + PE
    Total System Jitter     (TSJ):    0.071ns
    Total Input Jitter      (TIJ):    0.000ns
    Discrete Jitter          (DJ):    0.000ns
    Phase Error              (PE):    0.000ns

    Location             Delay type                Incr(ns)  Path(ns)    Netlist Resource(s)
  -------------------------------------------------------------------    -------------------
                         (clock sys_clk_pin rise edge)
                                                      0.000     0.000 r  
    W5                                                0.000     0.000 r  clk (IN)
                         net (fo=0)                   0.000     0.000    clk
    W5                   IBUF (Prop_ibuf_I_O)         1.458     1.458 r  clk_IBUF_inst/O
                         net (fo=1, routed)           1.967     3.425    clk_IBUF
    BUFGCTRL_X0Y0        BUFG (Prop_bufg_I_O)         0.096     3.521 r  clk_IBUF_BUFG_inst/O
                         net (fo=17, routed)          1.619     5.140    U_FND_CNTL/U_CLK_DIV/counter_reg_reg[15]_0
    SLICE_X61Y26         FDCE                                         r  U_FND_CNTL/U_CLK_DIV/counter_reg_reg[8]/C
  -------------------------------------------------------------------    -------------------
    SLICE_X61Y26         FDCE (Prop_fdce_C_Q)         0.419     5.559 f  U_FND_CNTL/U_CLK_DIV/counter_reg_reg[8]/Q
                         net (fo=2, routed)           0.817     6.376    U_FND_CNTL/U_CLK_DIV/counter_reg[8]
    SLICE_X61Y27         LUT4 (Prop_lut4_I3_O)        0.296     6.672 r  U_FND_CNTL/U_CLK_DIV/counter_reg[15]_i_3/O
                         net (fo=1, routed)           0.797     7.469    U_FND_CNTL/U_CLK_DIV/counter_reg[15]_i_3_n_0
    SLICE_X61Y28         LUT6 (Prop_lut6_I0_O)        0.124     7.593 r  U_FND_CNTL/U_CLK_DIV/counter_reg[15]_i_2/O
                         net (fo=17, routed)          1.005     8.598    U_FND_CNTL/U_CLK_DIV/counter_reg[15]_i_2_n_0
    SLICE_X61Y25         LUT3 (Prop_lut3_I0_O)        0.150     8.748 r  U_FND_CNTL/U_CLK_DIV/counter_reg[1]_i_1__0/O
                         net (fo=1, routed)           0.000     8.748    U_FND_CNTL/U_CLK_DIV/counter_reg_0[1]
    SLICE_X61Y25         FDCE                                         r  U_FND_CNTL/U_CLK_DIV/counter_reg_reg[1]/D
  -------------------------------------------------------------------    -------------------

                         (clock sys_clk_pin rise edge)
                                                     10.000    10.000 r  
    W5                                                0.000    10.000 r  clk (IN)
                         net (fo=0)                   0.000    10.000    clk
    W5                   IBUF (Prop_ibuf_I_O)         1.388    11.388 r  clk_IBUF_inst/O
                         net (fo=1, routed)           1.862    13.250    clk_IBUF
    BUFGCTRL_X0Y0        BUFG (Prop_bufg_I_O)         0.091    13.341 r  clk_IBUF_BUFG_inst/O
                         net (fo=17, routed)          1.501    14.842    U_FND_CNTL/U_CLK_DIV/counter_reg_reg[15]_0
    SLICE_X61Y25         FDCE                                         r  U_FND_CNTL/U_CLK_DIV/counter_reg_reg[1]/C
                         clock pessimism              0.274    15.116    
                         clock uncertainty           -0.035    15.081    
    SLICE_X61Y25         FDCE (Setup_fdce_C_D)        0.075    15.156    U_FND_CNTL/U_CLK_DIV/counter_reg_reg[1]
  -------------------------------------------------------------------
                         required time                         15.156    
                         arrival time                          -8.748    
  -------------------------------------------------------------------
                         slack                                  6.408    

Slack (MET) :             6.558ns  (required time - arrival time)
  Source:                 U_FND_CNTL/U_CLK_DIV/counter_reg_reg[8]/C
                            (rising edge-triggered cell FDCE clocked by sys_clk_pin  {rise@0.000ns fall@5.000ns period=10.000ns})
  Destination:            U_FND_CNTL/U_CLK_DIV/counter_reg_reg[2]/D
                            (rising edge-triggered cell FDCE clocked by sys_clk_pin  {rise@0.000ns fall@5.000ns period=10.000ns})
  Path Group:             sys_clk_pin
  Path Type:              Setup (Max at Slow Process Corner)
  Requirement:            10.000ns  (sys_clk_pin rise@10.000ns - sys_clk_pin rise@0.000ns)
  Data Path Delay:        3.414ns  (logic 0.963ns (28.209%)  route 2.451ns (71.791%))
  Logic Levels:           3  (LUT3=1 LUT4=1 LUT6=1)
  Clock Path Skew:        -0.024ns (DCD - SCD + CPR)
    Destination Clock Delay (DCD):    4.842ns = ( 14.842 - 10.000 ) 
    Source Clock Delay      (SCD):    5.140ns
    Clock Pessimism Removal (CPR):    0.274ns
  Clock Uncertainty:      0.035ns  ((TSJ^2 + TIJ^2)^1/2 + DJ) / 2 + PE
    Total System Jitter     (TSJ):    0.071ns
    Total Input Jitter      (TIJ):    0.000ns
    Discrete Jitter          (DJ):    0.000ns
    Phase Error              (PE):    0.000ns

    Location             Delay type                Incr(ns)  Path(ns)    Netlist Resource(s)
  -------------------------------------------------------------------    -------------------
                         (clock sys_clk_pin rise edge)
                                                      0.000     0.000 r  
    W5                                                0.000     0.000 r  clk (IN)
                         net (fo=0)                   0.000     0.000    clk
    W5                   IBUF (Prop_ibuf_I_O)         1.458     1.458 r  clk_IBUF_inst/O
                         net (fo=1, routed)           1.967     3.425    clk_IBUF
    BUFGCTRL_X0Y0        BUFG (Prop_bufg_I_O)         0.096     3.521 r  clk_IBUF_BUFG_inst/O
                         net (fo=17, routed)          1.619     5.140    U_FND_CNTL/U_CLK_DIV/counter_reg_reg[15]_0
    SLICE_X61Y26         FDCE                                         r  U_FND_CNTL/U_CLK_DIV/counter_reg_reg[8]/C
  -------------------------------------------------------------------    -------------------
    SLICE_X61Y26         FDCE (Prop_fdce_C_Q)         0.419     5.559 f  U_FND_CNTL/U_CLK_DIV/counter_reg_reg[8]/Q
                         net (fo=2, routed)           0.817     6.376    U_FND_CNTL/U_CLK_DIV/counter_reg[8]
    SLICE_X61Y27         LUT4 (Prop_lut4_I3_O)        0.296     6.672 r  U_FND_CNTL/U_CLK_DIV/counter_reg[15]_i_3/O
                         net (fo=1, routed)           0.797     7.469    U_FND_CNTL/U_CLK_DIV/counter_reg[15]_i_3_n_0
    SLICE_X61Y28         LUT6 (Prop_lut6_I0_O)        0.124     7.593 r  U_FND_CNTL/U_CLK_DIV/counter_reg[15]_i_2/O
                         net (fo=17, routed)          0.837     8.430    U_FND_CNTL/U_CLK_DIV/counter_reg[15]_i_2_n_0
    SLICE_X61Y25         LUT3 (Prop_lut3_I0_O)        0.124     8.554 r  U_FND_CNTL/U_CLK_DIV/counter_reg[2]_i_1/O
                         net (fo=1, routed)           0.000     8.554    U_FND_CNTL/U_CLK_DIV/counter_reg_0[2]
    SLICE_X61Y25         FDCE                                         r  U_FND_CNTL/U_CLK_DIV/counter_reg_reg[2]/D
  -------------------------------------------------------------------    -------------------

                         (clock sys_clk_pin rise edge)
                                                     10.000    10.000 r  
    W5                                                0.000    10.000 r  clk (IN)
                         net (fo=0)                   0.000    10.000    clk
    W5                   IBUF (Prop_ibuf_I_O)         1.388    11.388 r  clk_IBUF_inst/O
                         net (fo=1, routed)           1.862    13.250    clk_IBUF
    BUFGCTRL_X0Y0        BUFG (Prop_bufg_I_O)         0.091    13.341 r  clk_IBUF_BUFG_inst/O
                         net (fo=17, routed)          1.501    14.842    U_FND_CNTL/U_CLK_DIV/counter_reg_reg[15]_0
    SLICE_X61Y25         FDCE                                         r  U_FND_CNTL/U_CLK_DIV/counter_reg_reg[2]/C
                         clock pessimism              0.274    15.116    
                         clock uncertainty           -0.035    15.081    
    SLICE_X61Y25         FDCE (Setup_fdce_C_D)        0.031    15.112    U_FND_CNTL/U_CLK_DIV/counter_reg_reg[2]
  -------------------------------------------------------------------
                         required time                         15.112    
                         arrival time                          -8.554    
  -------------------------------------------------------------------
                         slack                                  6.558    

Slack (MET) :             6.585ns  (required time - arrival time)
  Source:                 U_FND_CNTL/U_CLK_DIV/counter_reg_reg[8]/C
                            (rising edge-triggered cell FDCE clocked by sys_clk_pin  {rise@0.000ns fall@5.000ns period=10.000ns})
  Destination:            U_FND_CNTL/U_CLK_DIV/counter_reg_reg[7]/D
                            (rising edge-triggered cell FDCE clocked by sys_clk_pin  {rise@0.000ns fall@5.000ns period=10.000ns})
  Path Group:             sys_clk_pin
  Path Type:              Setup (Max at Slow Process Corner)
  Requirement:            10.000ns  (sys_clk_pin rise@10.000ns - sys_clk_pin rise@0.000ns)
  Data Path Delay:        3.410ns  (logic 0.963ns (28.237%)  route 2.447ns (71.763%))
  Logic Levels:           3  (LUT3=1 LUT4=1 LUT6=1)
  Clock Path Skew:        0.000ns (DCD - SCD + CPR)
    Destination Clock Delay (DCD):    4.844ns = ( 14.844 - 10.000 ) 
    Source Clock Delay      (SCD):    5.140ns
    Clock Pessimism Removal (CPR):    0.296ns
  Clock Uncertainty:      0.035ns  ((TSJ^2 + TIJ^2)^1/2 + DJ) / 2 + PE
    Total System Jitter     (TSJ):    0.071ns
    Total Input Jitter      (TIJ):    0.000ns
    Discrete Jitter          (DJ):    0.000ns
    Phase Error              (PE):    0.000ns

    Location             Delay type                Incr(ns)  Path(ns)    Netlist Resource(s)
  -------------------------------------------------------------------    -------------------
                         (clock sys_clk_pin rise edge)
                                                      0.000     0.000 r  
    W5                                                0.000     0.000 r  clk (IN)
                         net (fo=0)                   0.000     0.000    clk
    W5                   IBUF (Prop_ibuf_I_O)         1.458     1.458 r  clk_IBUF_inst/O
                         net (fo=1, routed)           1.967     3.425    clk_IBUF
    BUFGCTRL_X0Y0        BUFG (Prop_bufg_I_O)         0.096     3.521 r  clk_IBUF_BUFG_inst/O
                         net (fo=17, routed)          1.619     5.140    U_FND_CNTL/U_CLK_DIV/counter_reg_reg[15]_0
    SLICE_X61Y26         FDCE                                         r  U_FND_CNTL/U_CLK_DIV/counter_reg_reg[8]/C
  -------------------------------------------------------------------    -------------------
    SLICE_X61Y26         FDCE (Prop_fdce_C_Q)         0.419     5.559 f  U_FND_CNTL/U_CLK_DIV/counter_reg_reg[8]/Q
                         net (fo=2, routed)           0.817     6.376    U_FND_CNTL/U_CLK_DIV/counter_reg[8]
    SLICE_X61Y27         LUT4 (Prop_lut4_I3_O)        0.296     6.672 r  U_FND_CNTL/U_CLK_DIV/counter_reg[15]_i_3/O
                         net (fo=1, routed)           0.797     7.469    U_FND_CNTL/U_CLK_DIV/counter_reg[15]_i_3_n_0
    SLICE_X61Y28         LUT6 (Prop_lut6_I0_O)        0.124     7.593 r  U_FND_CNTL/U_CLK_DIV/counter_reg[15]_i_2/O
                         net (fo=17, routed)          0.833     8.427    U_FND_CNTL/U_CLK_DIV/counter_reg[15]_i_2_n_0
    SLICE_X61Y26         LUT3 (Prop_lut3_I0_O)        0.124     8.551 r  U_FND_CNTL/U_CLK_DIV/counter_reg[7]_i_1/O
                         net (fo=1, routed)           0.000     8.551    U_FND_CNTL/U_CLK_DIV/counter_reg_0[7]
    SLICE_X61Y26         FDCE                                         r  U_FND_CNTL/U_CLK_DIV/counter_reg_reg[7]/D
  -------------------------------------------------------------------    -------------------

                         (clock sys_clk_pin rise edge)
                                                     10.000    10.000 r  
    W5                                                0.000    10.000 r  clk (IN)
                         net (fo=0)                   0.000    10.000    clk
    W5                   IBUF (Prop_ibuf_I_O)         1.388    11.388 r  clk_IBUF_inst/O
                         net (fo=1, routed)           1.862    13.250    clk_IBUF
    BUFGCTRL_X0Y0        BUFG (Prop_bufg_I_O)         0.091    13.341 r  clk_IBUF_BUFG_inst/O
                         net (fo=17, routed)          1.503    14.844    U_FND_CNTL/U_CLK_DIV/counter_reg_reg[15]_0
    SLICE_X61Y26         FDCE                                         r  U_FND_CNTL/U_CLK_DIV/counter_reg_reg[7]/C
                         clock pessimism              0.296    15.140    
                         clock uncertainty           -0.035    15.105    
    SLICE_X61Y26         FDCE (Setup_fdce_C_D)        0.031    15.136    U_FND_CNTL/U_CLK_DIV/counter_reg_reg[7]
  -------------------------------------------------------------------
                         required time                         15.136    
                         arrival time                          -8.551    
  -------------------------------------------------------------------
                         slack                                  6.585    

Slack (MET) :             6.587ns  (required time - arrival time)
  Source:                 U_FND_CNTL/U_CLK_DIV/counter_reg_reg[8]/C
                            (rising edge-triggered cell FDCE clocked by sys_clk_pin  {rise@0.000ns fall@5.000ns period=10.000ns})
  Destination:            U_FND_CNTL/U_CLK_DIV/counter_reg_reg[4]/D
                            (rising edge-triggered cell FDCE clocked by sys_clk_pin  {rise@0.000ns fall@5.000ns period=10.000ns})
  Path Group:             sys_clk_pin
  Path Type:              Setup (Max at Slow Process Corner)
  Requirement:            10.000ns  (sys_clk_pin rise@10.000ns - sys_clk_pin rise@0.000ns)
  Data Path Delay:        3.406ns  (logic 0.963ns (28.270%)  route 2.443ns (71.730%))
  Logic Levels:           3  (LUT3=1 LUT4=1 LUT6=1)
  Clock Path Skew:        0.000ns (DCD - SCD + CPR)
    Destination Clock Delay (DCD):    4.844ns = ( 14.844 - 10.000 ) 
    Source Clock Delay      (SCD):    5.140ns
    Clock Pessimism Removal (CPR):    0.296ns
  Clock Uncertainty:      0.035ns  ((TSJ^2 + TIJ^2)^1/2 + DJ) / 2 + PE
    Total System Jitter     (TSJ):    0.071ns
    Total Input Jitter      (TIJ):    0.000ns
    Discrete Jitter          (DJ):    0.000ns
    Phase Error              (PE):    0.000ns

    Location             Delay type                Incr(ns)  Path(ns)    Netlist Resource(s)
  -------------------------------------------------------------------    -------------------
                         (clock sys_clk_pin rise edge)
                                                      0.000     0.000 r  
    W5                                                0.000     0.000 r  clk (IN)
                         net (fo=0)                   0.000     0.000    clk
    W5                   IBUF (Prop_ibuf_I_O)         1.458     1.458 r  clk_IBUF_inst/O
                         net (fo=1, routed)           1.967     3.425    clk_IBUF
    BUFGCTRL_X0Y0        BUFG (Prop_bufg_I_O)         0.096     3.521 r  clk_IBUF_BUFG_inst/O
                         net (fo=17, routed)          1.619     5.140    U_FND_CNTL/U_CLK_DIV/counter_reg_reg[15]_0
    SLICE_X61Y26         FDCE                                         r  U_FND_CNTL/U_CLK_DIV/counter_reg_reg[8]/C
  -------------------------------------------------------------------    -------------------
    SLICE_X61Y26         FDCE (Prop_fdce_C_Q)         0.419     5.559 f  U_FND_CNTL/U_CLK_DIV/counter_reg_reg[8]/Q
                         net (fo=2, routed)           0.817     6.376    U_FND_CNTL/U_CLK_DIV/counter_reg[8]
    SLICE_X61Y27         LUT4 (Prop_lut4_I3_O)        0.296     6.672 r  U_FND_CNTL/U_CLK_DIV/counter_reg[15]_i_3/O
                         net (fo=1, routed)           0.797     7.469    U_FND_CNTL/U_CLK_DIV/counter_reg[15]_i_3_n_0
    SLICE_X61Y28         LUT6 (Prop_lut6_I0_O)        0.124     7.593 r  U_FND_CNTL/U_CLK_DIV/counter_reg[15]_i_2/O
                         net (fo=17, routed)          0.829     8.423    U_FND_CNTL/U_CLK_DIV/counter_reg[15]_i_2_n_0
    SLICE_X61Y26         LUT3 (Prop_lut3_I0_O)        0.124     8.547 r  U_FND_CNTL/U_CLK_DIV/counter_reg[4]_i_1/O
                         net (fo=1, routed)           0.000     8.547    U_FND_CNTL/U_CLK_DIV/counter_reg_0[4]
    SLICE_X61Y26         FDCE                                         r  U_FND_CNTL/U_CLK_DIV/counter_reg_reg[4]/D
  -------------------------------------------------------------------    -------------------

                         (clock sys_clk_pin rise edge)
                                                     10.000    10.000 r  
    W5                                                0.000    10.000 r  clk (IN)
                         net (fo=0)                   0.000    10.000    clk
    W5                   IBUF (Prop_ibuf_I_O)         1.388    11.388 r  clk_IBUF_inst/O
                         net (fo=1, routed)           1.862    13.250    clk_IBUF
    BUFGCTRL_X0Y0        BUFG (Prop_bufg_I_O)         0.091    13.341 r  clk_IBUF_BUFG_inst/O
                         net (fo=17, routed)          1.503    14.844    U_FND_CNTL/U_CLK_DIV/counter_reg_reg[15]_0
    SLICE_X61Y26         FDCE                                         r  U_FND_CNTL/U_CLK_DIV/counter_reg_reg[4]/C
                         clock pessimism              0.296    15.140    
                         clock uncertainty           -0.035    15.105    
    SLICE_X61Y26         FDCE (Setup_fdce_C_D)        0.029    15.134    U_FND_CNTL/U_CLK_DIV/counter_reg_reg[4]
  -------------------------------------------------------------------
                         required time                         15.134    
                         arrival time                          -8.547    
  -------------------------------------------------------------------
                         slack                                  6.587    

Slack (MET) :             6.607ns  (required time - arrival time)
  Source:                 U_FND_CNTL/U_CLK_DIV/counter_reg_reg[8]/C
                            (rising edge-triggered cell FDCE clocked by sys_clk_pin  {rise@0.000ns fall@5.000ns period=10.000ns})
  Destination:            U_FND_CNTL/U_CLK_DIV/counter_reg_reg[3]/D
                            (rising edge-triggered cell FDCE clocked by sys_clk_pin  {rise@0.000ns fall@5.000ns period=10.000ns})
  Path Group:             sys_clk_pin
  Path Type:              Setup (Max at Slow Process Corner)
  Requirement:            10.000ns  (sys_clk_pin rise@10.000ns - sys_clk_pin rise@0.000ns)
  Data Path Delay:        3.409ns  (logic 0.958ns (28.104%)  route 2.451ns (71.896%))
  Logic Levels:           3  (LUT3=1 LUT4=1 LUT6=1)
  Clock Path Skew:        -0.024ns (DCD - SCD + CPR)
    Destination Clock Delay (DCD):    4.842ns = ( 14.842 - 10.000 ) 
    Source Clock Delay      (SCD):    5.140ns
    Clock Pessimism Removal (CPR):    0.274ns
  Clock Uncertainty:      0.035ns  ((TSJ^2 + TIJ^2)^1/2 + DJ) / 2 + PE
    Total System Jitter     (TSJ):    0.071ns
    Total Input Jitter      (TIJ):    0.000ns
    Discrete Jitter          (DJ):    0.000ns
    Phase Error              (PE):    0.000ns

    Location             Delay type                Incr(ns)  Path(ns)    Netlist Resource(s)
  -------------------------------------------------------------------    -------------------
                         (clock sys_clk_pin rise edge)
                                                      0.000     0.000 r  
    W5                                                0.000     0.000 r  clk (IN)
                         net (fo=0)                   0.000     0.000    clk
    W5                   IBUF (Prop_ibuf_I_O)         1.458     1.458 r  clk_IBUF_inst/O
                         net (fo=1, routed)           1.967     3.425    clk_IBUF
    BUFGCTRL_X0Y0        BUFG (Prop_bufg_I_O)         0.096     3.521 r  clk_IBUF_BUFG_inst/O
                         net (fo=17, routed)          1.619     5.140    U_FND_CNTL/U_CLK_DIV/counter_reg_reg[15]_0
    SLICE_X61Y26         FDCE                                         r  U_FND_CNTL/U_CLK_DIV/counter_reg_reg[8]/C
  -------------------------------------------------------------------    -------------------
    SLICE_X61Y26         FDCE (Prop_fdce_C_Q)         0.419     5.559 f  U_FND_CNTL/U_CLK_DIV/counter_reg_reg[8]/Q
                         net (fo=2, routed)           0.817     6.376    U_FND_CNTL/U_CLK_DIV/counter_reg[8]
    SLICE_X61Y27         LUT4 (Prop_lut4_I3_O)        0.296     6.672 r  U_FND_CNTL/U_CLK_DIV/counter_reg[15]_i_3/O
                         net (fo=1, routed)           0.797     7.469    U_FND_CNTL/U_CLK_DIV/counter_reg[15]_i_3_n_0
    SLICE_X61Y28         LUT6 (Prop_lut6_I0_O)        0.124     7.593 r  U_FND_CNTL/U_CLK_DIV/counter_reg[15]_i_2/O
                         net (fo=17, routed)          0.837     8.430    U_FND_CNTL/U_CLK_DIV/counter_reg[15]_i_2_n_0
    SLICE_X61Y25         LUT3 (Prop_lut3_I0_O)        0.119     8.549 r  U_FND_CNTL/U_CLK_DIV/counter_reg[3]_i_1/O
                         net (fo=1, routed)           0.000     8.549    U_FND_CNTL/U_CLK_DIV/counter_reg_0[3]
    SLICE_X61Y25         FDCE                                         r  U_FND_CNTL/U_CLK_DIV/counter_reg_reg[3]/D
  -------------------------------------------------------------------    -------------------

                         (clock sys_clk_pin rise edge)
                                                     10.000    10.000 r  
    W5                                                0.000    10.000 r  clk (IN)
                         net (fo=0)                   0.000    10.000    clk
    W5                   IBUF (Prop_ibuf_I_O)         1.388    11.388 r  clk_IBUF_inst/O
                         net (fo=1, routed)           1.862    13.250    clk_IBUF
    BUFGCTRL_X0Y0        BUFG (Prop_bufg_I_O)         0.091    13.341 r  clk_IBUF_BUFG_inst/O
                         net (fo=17, routed)          1.501    14.842    U_FND_CNTL/U_CLK_DIV/counter_reg_reg[15]_0
    SLICE_X61Y25         FDCE                                         r  U_FND_CNTL/U_CLK_DIV/counter_reg_reg[3]/C
                         clock pessimism              0.274    15.116    
                         clock uncertainty           -0.035    15.081    
    SLICE_X61Y25         FDCE (Setup_fdce_C_D)        0.075    15.156    U_FND_CNTL/U_CLK_DIV/counter_reg_reg[3]
  -------------------------------------------------------------------
                         required time                         15.156    
                         arrival time                          -8.549    
  -------------------------------------------------------------------
                         slack                                  6.607    

Slack (MET) :             6.634ns  (required time - arrival time)
  Source:                 U_FND_CNTL/U_CLK_DIV/counter_reg_reg[8]/C
                            (rising edge-triggered cell FDCE clocked by sys_clk_pin  {rise@0.000ns fall@5.000ns period=10.000ns})
  Destination:            U_FND_CNTL/U_CLK_DIV/counter_reg_reg[8]/D
                            (rising edge-triggered cell FDCE clocked by sys_clk_pin  {rise@0.000ns fall@5.000ns period=10.000ns})
  Path Group:             sys_clk_pin
  Path Type:              Setup (Max at Slow Process Corner)
  Requirement:            10.000ns  (sys_clk_pin rise@10.000ns - sys_clk_pin rise@0.000ns)
  Data Path Delay:        3.405ns  (logic 0.958ns (28.132%)  route 2.447ns (71.868%))
  Logic Levels:           3  (LUT3=1 LUT4=1 LUT6=1)
  Clock Path Skew:        0.000ns (DCD - SCD + CPR)
    Destination Clock Delay (DCD):    4.844ns = ( 14.844 - 10.000 ) 
    Source Clock Delay      (SCD):    5.140ns
    Clock Pessimism Removal (CPR):    0.296ns
  Clock Uncertainty:      0.035ns  ((TSJ^2 + TIJ^2)^1/2 + DJ) / 2 + PE
    Total System Jitter     (TSJ):    0.071ns
    Total Input Jitter      (TIJ):    0.000ns
    Discrete Jitter          (DJ):    0.000ns
    Phase Error              (PE):    0.000ns

    Location             Delay type                Incr(ns)  Path(ns)    Netlist Resource(s)
  -------------------------------------------------------------------    -------------------
                         (clock sys_clk_pin rise edge)
                                                      0.000     0.000 r  
    W5                                                0.000     0.000 r  clk (IN)
                         net (fo=0)                   0.000     0.000    clk
    W5                   IBUF (Prop_ibuf_I_O)         1.458     1.458 r  clk_IBUF_inst/O
                         net (fo=1, routed)           1.967     3.425    clk_IBUF
    BUFGCTRL_X0Y0        BUFG (Prop_bufg_I_O)         0.096     3.521 r  clk_IBUF_BUFG_inst/O
                         net (fo=17, routed)          1.619     5.140    U_FND_CNTL/U_CLK_DIV/counter_reg_reg[15]_0
    SLICE_X61Y26         FDCE                                         r  U_FND_CNTL/U_CLK_DIV/counter_reg_reg[8]/C
  -------------------------------------------------------------------    -------------------
    SLICE_X61Y26         FDCE (Prop_fdce_C_Q)         0.419     5.559 f  U_FND_CNTL/U_CLK_DIV/counter_reg_reg[8]/Q
                         net (fo=2, routed)           0.817     6.376    U_FND_CNTL/U_CLK_DIV/counter_reg[8]
    SLICE_X61Y27         LUT4 (Prop_lut4_I3_O)        0.296     6.672 r  U_FND_CNTL/U_CLK_DIV/counter_reg[15]_i_3/O
                         net (fo=1, routed)           0.797     7.469    U_FND_CNTL/U_CLK_DIV/counter_reg[15]_i_3_n_0
    SLICE_X61Y28         LUT6 (Prop_lut6_I0_O)        0.124     7.593 r  U_FND_CNTL/U_CLK_DIV/counter_reg[15]_i_2/O
                         net (fo=17, routed)          0.833     8.427    U_FND_CNTL/U_CLK_DIV/counter_reg[15]_i_2_n_0
    SLICE_X61Y26         LUT3 (Prop_lut3_I0_O)        0.119     8.546 r  U_FND_CNTL/U_CLK_DIV/counter_reg[8]_i_1/O
                         net (fo=1, routed)           0.000     8.546    U_FND_CNTL/U_CLK_DIV/counter_reg_0[8]
    SLICE_X61Y26         FDCE                                         r  U_FND_CNTL/U_CLK_DIV/counter_reg_reg[8]/D
  -------------------------------------------------------------------    -------------------

                         (clock sys_clk_pin rise edge)
                                                     10.000    10.000 r  
    W5                                                0.000    10.000 r  clk (IN)
                         net (fo=0)                   0.000    10.000    clk
    W5                   IBUF (Prop_ibuf_I_O)         1.388    11.388 r  clk_IBUF_inst/O
                         net (fo=1, routed)           1.862    13.250    clk_IBUF
    BUFGCTRL_X0Y0        BUFG (Prop_bufg_I_O)         0.091    13.341 r  clk_IBUF_BUFG_inst/O
                         net (fo=17, routed)          1.503    14.844    U_FND_CNTL/U_CLK_DIV/counter_reg_reg[15]_0
    SLICE_X61Y26         FDCE                                         r  U_FND_CNTL/U_CLK_DIV/counter_reg_reg[8]/C
                         clock pessimism              0.296    15.140    
                         clock uncertainty           -0.035    15.105    
    SLICE_X61Y26         FDCE (Setup_fdce_C_D)        0.075    15.180    U_FND_CNTL/U_CLK_DIV/counter_reg_reg[8]
  -------------------------------------------------------------------
                         required time                         15.180    
                         arrival time                          -8.546    
  -------------------------------------------------------------------
                         slack                                  6.634    

Slack (MET) :             6.639ns  (required time - arrival time)
  Source:                 U_FND_CNTL/U_CLK_DIV/counter_reg_reg[8]/C
                            (rising edge-triggered cell FDCE clocked by sys_clk_pin  {rise@0.000ns fall@5.000ns period=10.000ns})
  Destination:            U_FND_CNTL/U_CLK_DIV/counter_reg_reg[5]/D
                            (rising edge-triggered cell FDCE clocked by sys_clk_pin  {rise@0.000ns fall@5.000ns period=10.000ns})
  Path Group:             sys_clk_pin
  Path Type:              Setup (Max at Slow Process Corner)
  Requirement:            10.000ns  (sys_clk_pin rise@10.000ns - sys_clk_pin rise@0.000ns)
  Data Path Delay:        3.400ns  (logic 0.957ns (28.143%)  route 2.443ns (71.857%))
  Logic Levels:           3  (LUT3=1 LUT4=1 LUT6=1)
  Clock Path Skew:        0.000ns (DCD - SCD + CPR)
    Destination Clock Delay (DCD):    4.844ns = ( 14.844 - 10.000 ) 
    Source Clock Delay      (SCD):    5.140ns
    Clock Pessimism Removal (CPR):    0.296ns
  Clock Uncertainty:      0.035ns  ((TSJ^2 + TIJ^2)^1/2 + DJ) / 2 + PE
    Total System Jitter     (TSJ):    0.071ns
    Total Input Jitter      (TIJ):    0.000ns
    Discrete Jitter          (DJ):    0.000ns
    Phase Error              (PE):    0.000ns

    Location             Delay type                Incr(ns)  Path(ns)    Netlist Resource(s)
  -------------------------------------------------------------------    -------------------
                         (clock sys_clk_pin rise edge)
                                                      0.000     0.000 r  
    W5                                                0.000     0.000 r  clk (IN)
                         net (fo=0)                   0.000     0.000    clk
    W5                   IBUF (Prop_ibuf_I_O)         1.458     1.458 r  clk_IBUF_inst/O
                         net (fo=1, routed)           1.967     3.425    clk_IBUF
    BUFGCTRL_X0Y0        BUFG (Prop_bufg_I_O)         0.096     3.521 r  clk_IBUF_BUFG_inst/O
                         net (fo=17, routed)          1.619     5.140    U_FND_CNTL/U_CLK_DIV/counter_reg_reg[15]_0
    SLICE_X61Y26         FDCE                                         r  U_FND_CNTL/U_CLK_DIV/counter_reg_reg[8]/C
  -------------------------------------------------------------------    -------------------
    SLICE_X61Y26         FDCE (Prop_fdce_C_Q)         0.419     5.559 f  U_FND_CNTL/U_CLK_DIV/counter_reg_reg[8]/Q
                         net (fo=2, routed)           0.817     6.376    U_FND_CNTL/U_CLK_DIV/counter_reg[8]
    SLICE_X61Y27         LUT4 (Prop_lut4_I3_O)        0.296     6.672 r  U_FND_CNTL/U_CLK_DIV/counter_reg[15]_i_3/O
                         net (fo=1, routed)           0.797     7.469    U_FND_CNTL/U_CLK_DIV/counter_reg[15]_i_3_n_0
    SLICE_X61Y28         LUT6 (Prop_lut6_I0_O)        0.124     7.593 r  U_FND_CNTL/U_CLK_DIV/counter_reg[15]_i_2/O
                         net (fo=17, routed)          0.829     8.423    U_FND_CNTL/U_CLK_DIV/counter_reg[15]_i_2_n_0
    SLICE_X61Y26         LUT3 (Prop_lut3_I0_O)        0.118     8.541 r  U_FND_CNTL/U_CLK_DIV/counter_reg[5]_i_1/O
                         net (fo=1, routed)           0.000     8.541    U_FND_CNTL/U_CLK_DIV/counter_reg_0[5]
    SLICE_X61Y26         FDCE                                         r  U_FND_CNTL/U_CLK_DIV/counter_reg_reg[5]/D
  -------------------------------------------------------------------    -------------------

                         (clock sys_clk_pin rise edge)
                                                     10.000    10.000 r  
    W5                                                0.000    10.000 r  clk (IN)
                         net (fo=0)                   0.000    10.000    clk
    W5                   IBUF (Prop_ibuf_I_O)         1.388    11.388 r  clk_IBUF_inst/O
                         net (fo=1, routed)           1.862    13.250    clk_IBUF
    BUFGCTRL_X0Y0        BUFG (Prop_bufg_I_O)         0.091    13.341 r  clk_IBUF_BUFG_inst/O
                         net (fo=17, routed)          1.503    14.844    U_FND_CNTL/U_CLK_DIV/counter_reg_reg[15]_0
    SLICE_X61Y26         FDCE                                         r  U_FND_CNTL/U_CLK_DIV/counter_reg_reg[5]/C
                         clock pessimism              0.296    15.140    
                         clock uncertainty           -0.035    15.105    
    SLICE_X61Y26         FDCE (Setup_fdce_C_D)        0.075    15.180    U_FND_CNTL/U_CLK_DIV/counter_reg_reg[5]
  -------------------------------------------------------------------
                         required time                         15.180    
                         arrival time                          -8.541    
  -------------------------------------------------------------------
                         slack                                  6.639    

Slack (MET) :             6.673ns  (required time - arrival time)
  Source:                 U_FND_CNTL/U_CLK_DIV/counter_reg_reg[0]/C
                            (rising edge-triggered cell FDCE clocked by sys_clk_pin  {rise@0.000ns fall@5.000ns period=10.000ns})
  Destination:            U_FND_CNTL/U_CLK_DIV/counter_reg_reg[10]/D
                            (rising edge-triggered cell FDCE clocked by sys_clk_pin  {rise@0.000ns fall@5.000ns period=10.000ns})
  Path Group:             sys_clk_pin
  Path Type:              Setup (Max at Slow Process Corner)
  Requirement:            10.000ns  (sys_clk_pin rise@10.000ns - sys_clk_pin rise@0.000ns)
  Data Path Delay:        3.301ns  (logic 1.797ns (54.436%)  route 1.504ns (45.564%))
  Logic Levels:           4  (CARRY4=3 LUT3=1)
  Clock Path Skew:        -0.020ns (DCD - SCD + CPR)
    Destination Clock Delay (DCD):    4.847ns = ( 14.847 - 10.000 ) 
    Source Clock Delay      (SCD):    5.141ns
    Clock Pessimism Removal (CPR):    0.274ns
  Clock Uncertainty:      0.035ns  ((TSJ^2 + TIJ^2)^1/2 + DJ) / 2 + PE
    Total System Jitter     (TSJ):    0.071ns
    Total Input Jitter      (TIJ):    0.000ns
    Discrete Jitter          (DJ):    0.000ns
    Phase Error              (PE):    0.000ns

    Location             Delay type                Incr(ns)  Path(ns)    Netlist Resource(s)
  -------------------------------------------------------------------    -------------------
                         (clock sys_clk_pin rise edge)
                                                      0.000     0.000 r  
    W5                                                0.000     0.000 r  clk (IN)
                         net (fo=0)                   0.000     0.000    clk
    W5                   IBUF (Prop_ibuf_I_O)         1.458     1.458 r  clk_IBUF_inst/O
                         net (fo=1, routed)           1.967     3.425    clk_IBUF
    BUFGCTRL_X0Y0        BUFG (Prop_bufg_I_O)         0.096     3.521 r  clk_IBUF_BUFG_inst/O
                         net (fo=17, routed)          1.620     5.141    U_FND_CNTL/U_CLK_DIV/counter_reg_reg[15]_0
    SLICE_X61Y27         FDCE                                         r  U_FND_CNTL/U_CLK_DIV/counter_reg_reg[0]/C
  -------------------------------------------------------------------    -------------------
    SLICE_X61Y27         FDCE (Prop_fdce_C_Q)         0.456     5.597 r  U_FND_CNTL/U_CLK_DIV/counter_reg_reg[0]/Q
                         net (fo=18, routed)          0.694     6.291    U_FND_CNTL/U_CLK_DIV/counter_reg[0]
    SLICE_X60Y25         CARRY4 (Prop_carry4_CYINIT_CO[3])
                                                      0.595     6.886 r  U_FND_CNTL/U_CLK_DIV/counter_reg0_carry/CO[3]
                         net (fo=1, routed)           0.000     6.886    U_FND_CNTL/U_CLK_DIV/counter_reg0_carry_n_0
    SLICE_X60Y26         CARRY4 (Prop_carry4_CI_CO[3])
                                                      0.117     7.003 r  U_FND_CNTL/U_CLK_DIV/counter_reg0_carry__0/CO[3]
                         net (fo=1, routed)           0.000     7.003    U_FND_CNTL/U_CLK_DIV/counter_reg0_carry__0_n_0
    SLICE_X60Y27         CARRY4 (Prop_carry4_CI_O[1])
                                                      0.323     7.326 r  U_FND_CNTL/U_CLK_DIV/counter_reg0_carry__1/O[1]
                         net (fo=1, routed)           0.810     8.136    U_FND_CNTL/U_CLK_DIV/data0[10]
    SLICE_X61Y28         LUT3 (Prop_lut3_I2_O)        0.306     8.442 r  U_FND_CNTL/U_CLK_DIV/counter_reg[10]_i_1/O
                         net (fo=1, routed)           0.000     8.442    U_FND_CNTL/U_CLK_DIV/counter_reg_0[10]
    SLICE_X61Y28         FDCE                                         r  U_FND_CNTL/U_CLK_DIV/counter_reg_reg[10]/D
  -------------------------------------------------------------------    -------------------

                         (clock sys_clk_pin rise edge)
                                                     10.000    10.000 r  
    W5                                                0.000    10.000 r  clk (IN)
                         net (fo=0)                   0.000    10.000    clk
    W5                   IBUF (Prop_ibuf_I_O)         1.388    11.388 r  clk_IBUF_inst/O
                         net (fo=1, routed)           1.862    13.250    clk_IBUF
    BUFGCTRL_X0Y0        BUFG (Prop_bufg_I_O)         0.091    13.341 r  clk_IBUF_BUFG_inst/O
                         net (fo=17, routed)          1.506    14.847    U_FND_CNTL/U_CLK_DIV/counter_reg_reg[15]_0
    SLICE_X61Y28         FDCE                                         r  U_FND_CNTL/U_CLK_DIV/counter_reg_reg[10]/C
                         clock pessimism              0.274    15.121    
                         clock uncertainty           -0.035    15.086    
    SLICE_X61Y28         FDCE (Setup_fdce_C_D)        0.029    15.115    U_FND_CNTL/U_CLK_DIV/counter_reg_reg[10]
  -------------------------------------------------------------------
                         required time                         15.115    
                         arrival time                          -8.442    
  -------------------------------------------------------------------
                         slack                                  6.673    

Slack (MET) :             6.713ns  (required time - arrival time)
  Source:                 U_FND_CNTL/U_CLK_DIV/counter_reg_reg[8]/C
                            (rising edge-triggered cell FDCE clocked by sys_clk_pin  {rise@0.000ns fall@5.000ns period=10.000ns})
  Destination:            U_FND_CNTL/U_CLK_DIV/counter_reg_reg[6]/D
                            (rising edge-triggered cell FDCE clocked by sys_clk_pin  {rise@0.000ns fall@5.000ns period=10.000ns})
  Path Group:             sys_clk_pin
  Path Type:              Setup (Max at Slow Process Corner)
  Requirement:            10.000ns  (sys_clk_pin rise@10.000ns - sys_clk_pin rise@0.000ns)
  Data Path Delay:        3.261ns  (logic 0.963ns (29.528%)  route 2.298ns (70.472%))
  Logic Levels:           3  (LUT3=1 LUT4=1 LUT6=1)
  Clock Path Skew:        -0.021ns (DCD - SCD + CPR)
    Destination Clock Delay (DCD):    4.845ns = ( 14.845 - 10.000 ) 
    Source Clock Delay      (SCD):    5.140ns
    Clock Pessimism Removal (CPR):    0.274ns
  Clock Uncertainty:      0.035ns  ((TSJ^2 + TIJ^2)^1/2 + DJ) / 2 + PE
    Total System Jitter     (TSJ):    0.071ns
    Total Input Jitter      (TIJ):    0.000ns
    Discrete Jitter          (DJ):    0.000ns
    Phase Error              (PE):    0.000ns

    Location             Delay type                Incr(ns)  Path(ns)    Netlist Resource(s)
  -------------------------------------------------------------------    -------------------
                         (clock sys_clk_pin rise edge)
                                                      0.000     0.000 r  
    W5                                                0.000     0.000 r  clk (IN)
                         net (fo=0)                   0.000     0.000    clk
    W5                   IBUF (Prop_ibuf_I_O)         1.458     1.458 r  clk_IBUF_inst/O
                         net (fo=1, routed)           1.967     3.425    clk_IBUF
    BUFGCTRL_X0Y0        BUFG (Prop_bufg_I_O)         0.096     3.521 r  clk_IBUF_BUFG_inst/O
                         net (fo=17, routed)          1.619     5.140    U_FND_CNTL/U_CLK_DIV/counter_reg_reg[15]_0
    SLICE_X61Y26         FDCE                                         r  U_FND_CNTL/U_CLK_DIV/counter_reg_reg[8]/C
  -------------------------------------------------------------------    -------------------
    SLICE_X61Y26         FDCE (Prop_fdce_C_Q)         0.419     5.559 f  U_FND_CNTL/U_CLK_DIV/counter_reg_reg[8]/Q
                         net (fo=2, routed)           0.817     6.376    U_FND_CNTL/U_CLK_DIV/counter_reg[8]
    SLICE_X61Y27         LUT4 (Prop_lut4_I3_O)        0.296     6.672 r  U_FND_CNTL/U_CLK_DIV/counter_reg[15]_i_3/O
                         net (fo=1, routed)           0.797     7.469    U_FND_CNTL/U_CLK_DIV/counter_reg[15]_i_3_n_0
    SLICE_X61Y28         LUT6 (Prop_lut6_I0_O)        0.124     7.593 r  U_FND_CNTL/U_CLK_DIV/counter_reg[15]_i_2/O
                         net (fo=17, routed)          0.684     8.278    U_FND_CNTL/U_CLK_DIV/counter_reg[15]_i_2_n_0
    SLICE_X61Y27         LUT3 (Prop_lut3_I0_O)        0.124     8.402 r  U_FND_CNTL/U_CLK_DIV/counter_reg[6]_i_1/O
                         net (fo=1, routed)           0.000     8.402    U_FND_CNTL/U_CLK_DIV/counter_reg_0[6]
    SLICE_X61Y27         FDCE                                         r  U_FND_CNTL/U_CLK_DIV/counter_reg_reg[6]/D
  -------------------------------------------------------------------    -------------------

                         (clock sys_clk_pin rise edge)
                                                     10.000    10.000 r  
    W5                                                0.000    10.000 r  clk (IN)
                         net (fo=0)                   0.000    10.000    clk
    W5                   IBUF (Prop_ibuf_I_O)         1.388    11.388 r  clk_IBUF_inst/O
                         net (fo=1, routed)           1.862    13.250    clk_IBUF
    BUFGCTRL_X0Y0        BUFG (Prop_bufg_I_O)         0.091    13.341 r  clk_IBUF_BUFG_inst/O
                         net (fo=17, routed)          1.504    14.845    U_FND_CNTL/U_CLK_DIV/counter_reg_reg[15]_0
    SLICE_X61Y27         FDCE                                         r  U_FND_CNTL/U_CLK_DIV/counter_reg_reg[6]/C
                         clock pessimism              0.274    15.119    
                         clock uncertainty           -0.035    15.084    
    SLICE_X61Y27         FDCE (Setup_fdce_C_D)        0.031    15.115    U_FND_CNTL/U_CLK_DIV/counter_reg_reg[6]
  -------------------------------------------------------------------
                         required time                         15.115    
                         arrival time                          -8.402    
  -------------------------------------------------------------------
                         slack                                  6.713    





Min Delay Paths
--------------------------------------------------------------------------------------
Slack (MET) :             0.325ns  (arrival time - required time)
  Source:                 U_FND_CNTL/U_CLK_DIV/counter_reg_reg[0]/C
                            (rising edge-triggered cell FDCE clocked by sys_clk_pin  {rise@0.000ns fall@5.000ns period=10.000ns})
  Destination:            U_FND_CNTL/U_CLK_DIV/counter_reg_reg[13]/D
                            (rising edge-triggered cell FDCE clocked by sys_clk_pin  {rise@0.000ns fall@5.000ns period=10.000ns})
  Path Group:             sys_clk_pin
  Path Type:              Hold (Min at Fast Process Corner)
  Requirement:            0.000ns  (sys_clk_pin rise@0.000ns - sys_clk_pin rise@0.000ns)
  Data Path Delay:        0.446ns  (logic 0.183ns (41.004%)  route 0.263ns (58.996%))
  Logic Levels:           1  (LUT3=1)
  Clock Path Skew:        0.014ns (DCD - SCD - CPR)
    Destination Clock Delay (DCD):    1.979ns
    Source Clock Delay      (SCD):    1.467ns
    Clock Pessimism Removal (CPR):    0.498ns

    Location             Delay type                Incr(ns)  Path(ns)    Netlist Resource(s)
  -------------------------------------------------------------------    -------------------
                         (clock sys_clk_pin rise edge)
                                                      0.000     0.000 r  
    W5                                                0.000     0.000 r  clk (IN)
                         net (fo=0)                   0.000     0.000    clk
    W5                   IBUF (Prop_ibuf_I_O)         0.226     0.226 r  clk_IBUF_inst/O
                         net (fo=1, routed)           0.631     0.858    clk_IBUF
    BUFGCTRL_X0Y0        BUFG (Prop_bufg_I_O)         0.026     0.884 r  clk_IBUF_BUFG_inst/O
                         net (fo=17, routed)          0.584     1.467    U_FND_CNTL/U_CLK_DIV/counter_reg_reg[15]_0
    SLICE_X61Y27         FDCE                                         r  U_FND_CNTL/U_CLK_DIV/counter_reg_reg[0]/C
  -------------------------------------------------------------------    -------------------
    SLICE_X61Y27         FDCE (Prop_fdce_C_Q)         0.141     1.608 r  U_FND_CNTL/U_CLK_DIV/counter_reg_reg[0]/Q
                         net (fo=18, routed)          0.263     1.871    U_FND_CNTL/U_CLK_DIV/counter_reg[0]
    SLICE_X61Y28         LUT3 (Prop_lut3_I1_O)        0.042     1.913 r  U_FND_CNTL/U_CLK_DIV/counter_reg[13]_i_1/O
                         net (fo=1, routed)           0.000     1.913    U_FND_CNTL/U_CLK_DIV/counter_reg_0[13]
    SLICE_X61Y28         FDCE                                         r  U_FND_CNTL/U_CLK_DIV/counter_reg_reg[13]/D
  -------------------------------------------------------------------    -------------------

                         (clock sys_clk_pin rise edge)
                                                      0.000     0.000 r  
    W5                                                0.000     0.000 r  clk (IN)
                         net (fo=0)                   0.000     0.000    clk
    W5                   IBUF (Prop_ibuf_I_O)         0.414     0.414 r  clk_IBUF_inst/O
                         net (fo=1, routed)           0.685     1.099    clk_IBUF
    BUFGCTRL_X0Y0        BUFG (Prop_bufg_I_O)         0.029     1.128 r  clk_IBUF_BUFG_inst/O
                         net (fo=17, routed)          0.852     1.979    U_FND_CNTL/U_CLK_DIV/counter_reg_reg[15]_0
    SLICE_X61Y28         FDCE                                         r  U_FND_CNTL/U_CLK_DIV/counter_reg_reg[13]/C
                         clock pessimism             -0.498     1.481    
    SLICE_X61Y28         FDCE (Hold_fdce_C_D)         0.107     1.588    U_FND_CNTL/U_CLK_DIV/counter_reg_reg[13]
  -------------------------------------------------------------------
                         required time                         -1.588    
                         arrival time                           1.913    
  -------------------------------------------------------------------
                         slack                                  0.325    

Slack (MET) :             0.344ns  (arrival time - required time)
  Source:                 U_FND_CNTL/U_CLK_DIV/counter_reg_reg[0]/C
                            (rising edge-triggered cell FDCE clocked by sys_clk_pin  {rise@0.000ns fall@5.000ns period=10.000ns})
  Destination:            U_FND_CNTL/U_CLK_DIV/counter_reg_reg[10]/D
                            (rising edge-triggered cell FDCE clocked by sys_clk_pin  {rise@0.000ns fall@5.000ns period=10.000ns})
  Path Group:             sys_clk_pin
  Path Type:              Hold (Min at Fast Process Corner)
  Requirement:            0.000ns  (sys_clk_pin rise@0.000ns - sys_clk_pin rise@0.000ns)
  Data Path Delay:        0.449ns  (logic 0.186ns (41.398%)  route 0.263ns (58.602%))
  Logic Levels:           1  (LUT3=1)
  Clock Path Skew:        0.014ns (DCD - SCD - CPR)
    Destination Clock Delay (DCD):    1.979ns
    Source Clock Delay      (SCD):    1.467ns
    Clock Pessimism Removal (CPR):    0.498ns

    Location             Delay type                Incr(ns)  Path(ns)    Netlist Resource(s)
  -------------------------------------------------------------------    -------------------
                         (clock sys_clk_pin rise edge)
                                                      0.000     0.000 r  
    W5                                                0.000     0.000 r  clk (IN)
                         net (fo=0)                   0.000     0.000    clk
    W5                   IBUF (Prop_ibuf_I_O)         0.226     0.226 r  clk_IBUF_inst/O
                         net (fo=1, routed)           0.631     0.858    clk_IBUF
    BUFGCTRL_X0Y0        BUFG (Prop_bufg_I_O)         0.026     0.884 r  clk_IBUF_BUFG_inst/O
                         net (fo=17, routed)          0.584     1.467    U_FND_CNTL/U_CLK_DIV/counter_reg_reg[15]_0
    SLICE_X61Y27         FDCE                                         r  U_FND_CNTL/U_CLK_DIV/counter_reg_reg[0]/C
  -------------------------------------------------------------------    -------------------
    SLICE_X61Y27         FDCE (Prop_fdce_C_Q)         0.141     1.608 r  U_FND_CNTL/U_CLK_DIV/counter_reg_reg[0]/Q
                         net (fo=18, routed)          0.263     1.871    U_FND_CNTL/U_CLK_DIV/counter_reg[0]
    SLICE_X61Y28         LUT3 (Prop_lut3_I1_O)        0.045     1.916 r  U_FND_CNTL/U_CLK_DIV/counter_reg[10]_i_1/O
                         net (fo=1, routed)           0.000     1.916    U_FND_CNTL/U_CLK_DIV/counter_reg_0[10]
    SLICE_X61Y28         FDCE                                         r  U_FND_CNTL/U_CLK_DIV/counter_reg_reg[10]/D
  -------------------------------------------------------------------    -------------------

                         (clock sys_clk_pin rise edge)
                                                      0.000     0.000 r  
    W5                                                0.000     0.000 r  clk (IN)
                         net (fo=0)                   0.000     0.000    clk
    W5                   IBUF (Prop_ibuf_I_O)         0.414     0.414 r  clk_IBUF_inst/O
                         net (fo=1, routed)           0.685     1.099    clk_IBUF
    BUFGCTRL_X0Y0        BUFG (Prop_bufg_I_O)         0.029     1.128 r  clk_IBUF_BUFG_inst/O
                         net (fo=17, routed)          0.852     1.979    U_FND_CNTL/U_CLK_DIV/counter_reg_reg[15]_0
    SLICE_X61Y28         FDCE                                         r  U_FND_CNTL/U_CLK_DIV/counter_reg_reg[10]/C
                         clock pessimism             -0.498     1.481    
    SLICE_X61Y28         FDCE (Hold_fdce_C_D)         0.091     1.572    U_FND_CNTL/U_CLK_DIV/counter_reg_reg[10]
  -------------------------------------------------------------------
                         required time                         -1.572    
                         arrival time                           1.916    
  -------------------------------------------------------------------
                         slack                                  0.344    

Slack (MET) :             0.346ns  (arrival time - required time)
  Source:                 U_FND_CNTL/U_CLK_DIV/counter_reg_reg[0]/C
                            (rising edge-triggered cell FDCE clocked by sys_clk_pin  {rise@0.000ns fall@5.000ns period=10.000ns})
  Destination:            U_FND_CNTL/U_CLK_DIV/counter_reg_reg[9]/D
                            (rising edge-triggered cell FDCE clocked by sys_clk_pin  {rise@0.000ns fall@5.000ns period=10.000ns})
  Path Group:             sys_clk_pin
  Path Type:              Hold (Min at Fast Process Corner)
  Requirement:            0.000ns  (sys_clk_pin rise@0.000ns - sys_clk_pin rise@0.000ns)
  Data Path Delay:        0.453ns  (logic 0.184ns (40.607%)  route 0.269ns (59.393%))
  Logic Levels:           1  (LUT3=1)
  Clock Path Skew:        0.000ns (DCD - SCD - CPR)
    Destination Clock Delay (DCD):    1.978ns
    Source Clock Delay      (SCD):    1.467ns
    Clock Pessimism Removal (CPR):    0.511ns

    Location             Delay type                Incr(ns)  Path(ns)    Netlist Resource(s)
  -------------------------------------------------------------------    -------------------
                         (clock sys_clk_pin rise edge)
                                                      0.000     0.000 r  
    W5                                                0.000     0.000 r  clk (IN)
                         net (fo=0)                   0.000     0.000    clk
    W5                   IBUF (Prop_ibuf_I_O)         0.226     0.226 r  clk_IBUF_inst/O
                         net (fo=1, routed)           0.631     0.858    clk_IBUF
    BUFGCTRL_X0Y0        BUFG (Prop_bufg_I_O)         0.026     0.884 r  clk_IBUF_BUFG_inst/O
                         net (fo=17, routed)          0.584     1.467    U_FND_CNTL/U_CLK_DIV/counter_reg_reg[15]_0
    SLICE_X61Y27         FDCE                                         r  U_FND_CNTL/U_CLK_DIV/counter_reg_reg[0]/C
  -------------------------------------------------------------------    -------------------
    SLICE_X61Y27         FDCE (Prop_fdce_C_Q)         0.141     1.608 r  U_FND_CNTL/U_CLK_DIV/counter_reg_reg[0]/Q
                         net (fo=18, routed)          0.269     1.877    U_FND_CNTL/U_CLK_DIV/counter_reg[0]
    SLICE_X61Y27         LUT3 (Prop_lut3_I1_O)        0.043     1.920 r  U_FND_CNTL/U_CLK_DIV/counter_reg[9]_i_1/O
                         net (fo=1, routed)           0.000     1.920    U_FND_CNTL/U_CLK_DIV/counter_reg_0[9]
    SLICE_X61Y27         FDCE                                         r  U_FND_CNTL/U_CLK_DIV/counter_reg_reg[9]/D
  -------------------------------------------------------------------    -------------------

                         (clock sys_clk_pin rise edge)
                                                      0.000     0.000 r  
    W5                                                0.000     0.000 r  clk (IN)
                         net (fo=0)                   0.000     0.000    clk
    W5                   IBUF (Prop_ibuf_I_O)         0.414     0.414 r  clk_IBUF_inst/O
                         net (fo=1, routed)           0.685     1.099    clk_IBUF
    BUFGCTRL_X0Y0        BUFG (Prop_bufg_I_O)         0.029     1.128 r  clk_IBUF_BUFG_inst/O
                         net (fo=17, routed)          0.851     1.978    U_FND_CNTL/U_CLK_DIV/counter_reg_reg[15]_0
    SLICE_X61Y27         FDCE                                         r  U_FND_CNTL/U_CLK_DIV/counter_reg_reg[9]/C
                         clock pessimism             -0.511     1.467    
    SLICE_X61Y27         FDCE (Hold_fdce_C_D)         0.107     1.574    U_FND_CNTL/U_CLK_DIV/counter_reg_reg[9]
  -------------------------------------------------------------------
                         required time                         -1.574    
                         arrival time                           1.920    
  -------------------------------------------------------------------
                         slack                                  0.346    

Slack (MET) :             0.349ns  (arrival time - required time)
  Source:                 U_FND_CNTL/U_CLK_DIV/counter_reg_reg[0]/C
                            (rising edge-triggered cell FDCE clocked by sys_clk_pin  {rise@0.000ns fall@5.000ns period=10.000ns})
  Destination:            U_FND_CNTL/U_CLK_DIV/counter_reg_reg[0]/D
                            (rising edge-triggered cell FDCE clocked by sys_clk_pin  {rise@0.000ns fall@5.000ns period=10.000ns})
  Path Group:             sys_clk_pin
  Path Type:              Hold (Min at Fast Process Corner)
  Requirement:            0.000ns  (sys_clk_pin rise@0.000ns - sys_clk_pin rise@0.000ns)
  Data Path Delay:        0.441ns  (logic 0.186ns (42.145%)  route 0.255ns (57.855%))
  Logic Levels:           1  (LUT2=1)
  Clock Path Skew:        0.000ns (DCD - SCD - CPR)
    Destination Clock Delay (DCD):    1.978ns
    Source Clock Delay      (SCD):    1.467ns
    Clock Pessimism Removal (CPR):    0.511ns

    Location             Delay type                Incr(ns)  Path(ns)    Netlist Resource(s)
  -------------------------------------------------------------------    -------------------
                         (clock sys_clk_pin rise edge)
                                                      0.000     0.000 r  
    W5                                                0.000     0.000 r  clk (IN)
                         net (fo=0)                   0.000     0.000    clk
    W5                   IBUF (Prop_ibuf_I_O)         0.226     0.226 r  clk_IBUF_inst/O
                         net (fo=1, routed)           0.631     0.858    clk_IBUF
    BUFGCTRL_X0Y0        BUFG (Prop_bufg_I_O)         0.026     0.884 r  clk_IBUF_BUFG_inst/O
                         net (fo=17, routed)          0.584     1.467    U_FND_CNTL/U_CLK_DIV/counter_reg_reg[15]_0
    SLICE_X61Y27         FDCE                                         r  U_FND_CNTL/U_CLK_DIV/counter_reg_reg[0]/C
  -------------------------------------------------------------------    -------------------
    SLICE_X61Y27         FDCE (Prop_fdce_C_Q)         0.141     1.608 f  U_FND_CNTL/U_CLK_DIV/counter_reg_reg[0]/Q
                         net (fo=18, routed)          0.255     1.863    U_FND_CNTL/U_CLK_DIV/counter_reg[0]
    SLICE_X61Y27         LUT2 (Prop_lut2_I1_O)        0.045     1.908 r  U_FND_CNTL/U_CLK_DIV/counter_reg[0]_i_1__0/O
                         net (fo=1, routed)           0.000     1.908    U_FND_CNTL/U_CLK_DIV/counter_reg_0[0]
    SLICE_X61Y27         FDCE                                         r  U_FND_CNTL/U_CLK_DIV/counter_reg_reg[0]/D
  -------------------------------------------------------------------    -------------------

                         (clock sys_clk_pin rise edge)
                                                      0.000     0.000 r  
    W5                                                0.000     0.000 r  clk (IN)
                         net (fo=0)                   0.000     0.000    clk
    W5                   IBUF (Prop_ibuf_I_O)         0.414     0.414 r  clk_IBUF_inst/O
                         net (fo=1, routed)           0.685     1.099    clk_IBUF
    BUFGCTRL_X0Y0        BUFG (Prop_bufg_I_O)         0.029     1.128 r  clk_IBUF_BUFG_inst/O
                         net (fo=17, routed)          0.851     1.978    U_FND_CNTL/U_CLK_DIV/counter_reg_reg[15]_0
    SLICE_X61Y27         FDCE                                         r  U_FND_CNTL/U_CLK_DIV/counter_reg_reg[0]/C
                         clock pessimism             -0.511     1.467    
    SLICE_X61Y27         FDCE (Hold_fdce_C_D)         0.092     1.559    U_FND_CNTL/U_CLK_DIV/counter_reg_reg[0]
  -------------------------------------------------------------------
                         required time                         -1.559    
                         arrival time                           1.908    
  -------------------------------------------------------------------
                         slack                                  0.349    

Slack (MET) :             0.363ns  (arrival time - required time)
  Source:                 U_FND_CNTL/U_CLK_DIV/counter_reg_reg[0]/C
                            (rising edge-triggered cell FDCE clocked by sys_clk_pin  {rise@0.000ns fall@5.000ns period=10.000ns})
  Destination:            U_FND_CNTL/U_CLK_DIV/counter_reg_reg[6]/D
                            (rising edge-triggered cell FDCE clocked by sys_clk_pin  {rise@0.000ns fall@5.000ns period=10.000ns})
  Path Group:             sys_clk_pin
  Path Type:              Hold (Min at Fast Process Corner)
  Requirement:            0.000ns  (sys_clk_pin rise@0.000ns - sys_clk_pin rise@0.000ns)
  Data Path Delay:        0.455ns  (logic 0.186ns (40.868%)  route 0.269ns (59.132%))
  Logic Levels:           1  (LUT3=1)
  Clock Path Skew:        0.000ns (DCD - SCD - CPR)
    Destination Clock Delay (DCD):    1.978ns
    Source Clock Delay      (SCD):    1.467ns
    Clock Pessimism Removal (CPR):    0.511ns

    Location             Delay type                Incr(ns)  Path(ns)    Netlist Resource(s)
  -------------------------------------------------------------------    -------------------
                         (clock sys_clk_pin rise edge)
                                                      0.000     0.000 r  
    W5                                                0.000     0.000 r  clk (IN)
                         net (fo=0)                   0.000     0.000    clk
    W5                   IBUF (Prop_ibuf_I_O)         0.226     0.226 r  clk_IBUF_inst/O
                         net (fo=1, routed)           0.631     0.858    clk_IBUF
    BUFGCTRL_X0Y0        BUFG (Prop_bufg_I_O)         0.026     0.884 r  clk_IBUF_BUFG_inst/O
                         net (fo=17, routed)          0.584     1.467    U_FND_CNTL/U_CLK_DIV/counter_reg_reg[15]_0
    SLICE_X61Y27         FDCE                                         r  U_FND_CNTL/U_CLK_DIV/counter_reg_reg[0]/C
  -------------------------------------------------------------------    -------------------
    SLICE_X61Y27         FDCE (Prop_fdce_C_Q)         0.141     1.608 r  U_FND_CNTL/U_CLK_DIV/counter_reg_reg[0]/Q
                         net (fo=18, routed)          0.269     1.877    U_FND_CNTL/U_CLK_DIV/counter_reg[0]
    SLICE_X61Y27         LUT3 (Prop_lut3_I1_O)        0.045     1.922 r  U_FND_CNTL/U_CLK_DIV/counter_reg[6]_i_1/O
                         net (fo=1, routed)           0.000     1.922    U_FND_CNTL/U_CLK_DIV/counter_reg_0[6]
    SLICE_X61Y27         FDCE                                         r  U_FND_CNTL/U_CLK_DIV/counter_reg_reg[6]/D
  -------------------------------------------------------------------    -------------------

                         (clock sys_clk_pin rise edge)
                                                      0.000     0.000 r  
    W5                                                0.000     0.000 r  clk (IN)
                         net (fo=0)                   0.000     0.000    clk
    W5                   IBUF (Prop_ibuf_I_O)         0.414     0.414 r  clk_IBUF_inst/O
                         net (fo=1, routed)           0.685     1.099    clk_IBUF
    BUFGCTRL_X0Y0        BUFG (Prop_bufg_I_O)         0.029     1.128 r  clk_IBUF_BUFG_inst/O
                         net (fo=17, routed)          0.851     1.978    U_FND_CNTL/U_CLK_DIV/counter_reg_reg[15]_0
    SLICE_X61Y27         FDCE                                         r  U_FND_CNTL/U_CLK_DIV/counter_reg_reg[6]/C
                         clock pessimism             -0.511     1.467    
    SLICE_X61Y27         FDCE (Hold_fdce_C_D)         0.092     1.559    U_FND_CNTL/U_CLK_DIV/counter_reg_reg[6]
  -------------------------------------------------------------------
                         required time                         -1.559    
                         arrival time                           1.922    
  -------------------------------------------------------------------
                         slack                                  0.363    

Slack (MET) :             0.388ns  (arrival time - required time)
  Source:                 U_FND_CNTL/U_CLK_DIV/counter_reg_reg[0]/C
                            (rising edge-triggered cell FDCE clocked by sys_clk_pin  {rise@0.000ns fall@5.000ns period=10.000ns})
  Destination:            U_FND_CNTL/U_CLK_DIV/counter_reg_reg[8]/D
                            (rising edge-triggered cell FDCE clocked by sys_clk_pin  {rise@0.000ns fall@5.000ns period=10.000ns})
  Path Group:             sys_clk_pin
  Path Type:              Hold (Min at Fast Process Corner)
  Requirement:            0.000ns  (sys_clk_pin rise@0.000ns - sys_clk_pin rise@0.000ns)
  Data Path Delay:        0.506ns  (logic 0.186ns (36.753%)  route 0.320ns (63.247%))
  Logic Levels:           1  (LUT3=1)
  Clock Path Skew:        0.011ns (DCD - SCD - CPR)
    Destination Clock Delay (DCD):    1.976ns
    Source Clock Delay      (SCD):    1.467ns
    Clock Pessimism Removal (CPR):    0.498ns

    Location             Delay type                Incr(ns)  Path(ns)    Netlist Resource(s)
  -------------------------------------------------------------------    -------------------
                         (clock sys_clk_pin rise edge)
                                                      0.000     0.000 r  
    W5                                                0.000     0.000 r  clk (IN)
                         net (fo=0)                   0.000     0.000    clk
    W5                   IBUF (Prop_ibuf_I_O)         0.226     0.226 r  clk_IBUF_inst/O
                         net (fo=1, routed)           0.631     0.858    clk_IBUF
    BUFGCTRL_X0Y0        BUFG (Prop_bufg_I_O)         0.026     0.884 r  clk_IBUF_BUFG_inst/O
                         net (fo=17, routed)          0.584     1.467    U_FND_CNTL/U_CLK_DIV/counter_reg_reg[15]_0
    SLICE_X61Y27         FDCE                                         r  U_FND_CNTL/U_CLK_DIV/counter_reg_reg[0]/C
  -------------------------------------------------------------------    -------------------
    SLICE_X61Y27         FDCE (Prop_fdce_C_Q)         0.141     1.608 r  U_FND_CNTL/U_CLK_DIV/counter_reg_reg[0]/Q
                         net (fo=18, routed)          0.320     1.928    U_FND_CNTL/U_CLK_DIV/counter_reg[0]
    SLICE_X61Y26         LUT3 (Prop_lut3_I1_O)        0.045     1.973 r  U_FND_CNTL/U_CLK_DIV/counter_reg[8]_i_1/O
                         net (fo=1, routed)           0.000     1.973    U_FND_CNTL/U_CLK_DIV/counter_reg_0[8]
    SLICE_X61Y26         FDCE                                         r  U_FND_CNTL/U_CLK_DIV/counter_reg_reg[8]/D
  -------------------------------------------------------------------    -------------------

                         (clock sys_clk_pin rise edge)
                                                      0.000     0.000 r  
    W5                                                0.000     0.000 r  clk (IN)
                         net (fo=0)                   0.000     0.000    clk
    W5                   IBUF (Prop_ibuf_I_O)         0.414     0.414 r  clk_IBUF_inst/O
                         net (fo=1, routed)           0.685     1.099    clk_IBUF
    BUFGCTRL_X0Y0        BUFG (Prop_bufg_I_O)         0.029     1.128 r  clk_IBUF_BUFG_inst/O
                         net (fo=17, routed)          0.849     1.976    U_FND_CNTL/U_CLK_DIV/counter_reg_reg[15]_0
    SLICE_X61Y26         FDCE                                         r  U_FND_CNTL/U_CLK_DIV/counter_reg_reg[8]/C
                         clock pessimism             -0.498     1.478    
    SLICE_X61Y26         FDCE (Hold_fdce_C_D)         0.107     1.585    U_FND_CNTL/U_CLK_DIV/counter_reg_reg[8]
  -------------------------------------------------------------------
                         required time                         -1.585    
                         arrival time                           1.973    
  -------------------------------------------------------------------
                         slack                                  0.388    

Slack (MET) :             0.389ns  (arrival time - required time)
  Source:                 U_FND_CNTL/U_CLK_DIV/counter_reg_reg[0]/C
                            (rising edge-triggered cell FDCE clocked by sys_clk_pin  {rise@0.000ns fall@5.000ns period=10.000ns})
  Destination:            U_FND_CNTL/U_CLK_DIV/counter_reg_reg[5]/D
                            (rising edge-triggered cell FDCE clocked by sys_clk_pin  {rise@0.000ns fall@5.000ns period=10.000ns})
  Path Group:             sys_clk_pin
  Path Type:              Hold (Min at Fast Process Corner)
  Requirement:            0.000ns  (sys_clk_pin rise@0.000ns - sys_clk_pin rise@0.000ns)
  Data Path Delay:        0.507ns  (logic 0.187ns (36.878%)  route 0.320ns (63.122%))
  Logic Levels:           1  (LUT3=1)
  Clock Path Skew:        0.011ns (DCD - SCD - CPR)
    Destination Clock Delay (DCD):    1.976ns
    Source Clock Delay      (SCD):    1.467ns
    Clock Pessimism Removal (CPR):    0.498ns

    Location             Delay type                Incr(ns)  Path(ns)    Netlist Resource(s)
  -------------------------------------------------------------------    -------------------
                         (clock sys_clk_pin rise edge)
                                                      0.000     0.000 r  
    W5                                                0.000     0.000 r  clk (IN)
                         net (fo=0)                   0.000     0.000    clk
    W5                   IBUF (Prop_ibuf_I_O)         0.226     0.226 r  clk_IBUF_inst/O
                         net (fo=1, routed)           0.631     0.858    clk_IBUF
    BUFGCTRL_X0Y0        BUFG (Prop_bufg_I_O)         0.026     0.884 r  clk_IBUF_BUFG_inst/O
                         net (fo=17, routed)          0.584     1.467    U_FND_CNTL/U_CLK_DIV/counter_reg_reg[15]_0
    SLICE_X61Y27         FDCE                                         r  U_FND_CNTL/U_CLK_DIV/counter_reg_reg[0]/C
  -------------------------------------------------------------------    -------------------
    SLICE_X61Y27         FDCE (Prop_fdce_C_Q)         0.141     1.608 r  U_FND_CNTL/U_CLK_DIV/counter_reg_reg[0]/Q
                         net (fo=18, routed)          0.320     1.928    U_FND_CNTL/U_CLK_DIV/counter_reg[0]
    SLICE_X61Y26         LUT3 (Prop_lut3_I1_O)        0.046     1.974 r  U_FND_CNTL/U_CLK_DIV/counter_reg[5]_i_1/O
                         net (fo=1, routed)           0.000     1.974    U_FND_CNTL/U_CLK_DIV/counter_reg_0[5]
    SLICE_X61Y26         FDCE                                         r  U_FND_CNTL/U_CLK_DIV/counter_reg_reg[5]/D
  -------------------------------------------------------------------    -------------------

                         (clock sys_clk_pin rise edge)
                                                      0.000     0.000 r  
    W5                                                0.000     0.000 r  clk (IN)
                         net (fo=0)                   0.000     0.000    clk
    W5                   IBUF (Prop_ibuf_I_O)         0.414     0.414 r  clk_IBUF_inst/O
                         net (fo=1, routed)           0.685     1.099    clk_IBUF
    BUFGCTRL_X0Y0        BUFG (Prop_bufg_I_O)         0.029     1.128 r  clk_IBUF_BUFG_inst/O
                         net (fo=17, routed)          0.849     1.976    U_FND_CNTL/U_CLK_DIV/counter_reg_reg[15]_0
    SLICE_X61Y26         FDCE                                         r  U_FND_CNTL/U_CLK_DIV/counter_reg_reg[5]/C
                         clock pessimism             -0.498     1.478    
    SLICE_X61Y26         FDCE (Hold_fdce_C_D)         0.107     1.585    U_FND_CNTL/U_CLK_DIV/counter_reg_reg[5]
  -------------------------------------------------------------------
                         required time                         -1.585    
                         arrival time                           1.974    
  -------------------------------------------------------------------
                         slack                                  0.389    

Slack (MET) :             0.403ns  (arrival time - required time)
  Source:                 U_FND_CNTL/U_CLK_DIV/counter_reg_reg[0]/C
                            (rising edge-triggered cell FDCE clocked by sys_clk_pin  {rise@0.000ns fall@5.000ns period=10.000ns})
  Destination:            U_FND_CNTL/U_CLK_DIV/counter_reg_reg[7]/D
                            (rising edge-triggered cell FDCE clocked by sys_clk_pin  {rise@0.000ns fall@5.000ns period=10.000ns})
  Path Group:             sys_clk_pin
  Path Type:              Hold (Min at Fast Process Corner)
  Requirement:            0.000ns  (sys_clk_pin rise@0.000ns - sys_clk_pin rise@0.000ns)
  Data Path Delay:        0.506ns  (logic 0.186ns (36.753%)  route 0.320ns (63.247%))
  Logic Levels:           1  (LUT3=1)
  Clock Path Skew:        0.011ns (DCD - SCD - CPR)
    Destination Clock Delay (DCD):    1.976ns
    Source Clock Delay      (SCD):    1.467ns
    Clock Pessimism Removal (CPR):    0.498ns

    Location             Delay type                Incr(ns)  Path(ns)    Netlist Resource(s)
  -------------------------------------------------------------------    -------------------
                         (clock sys_clk_pin rise edge)
                                                      0.000     0.000 r  
    W5                                                0.000     0.000 r  clk (IN)
                         net (fo=0)                   0.000     0.000    clk
    W5                   IBUF (Prop_ibuf_I_O)         0.226     0.226 r  clk_IBUF_inst/O
                         net (fo=1, routed)           0.631     0.858    clk_IBUF
    BUFGCTRL_X0Y0        BUFG (Prop_bufg_I_O)         0.026     0.884 r  clk_IBUF_BUFG_inst/O
                         net (fo=17, routed)          0.584     1.467    U_FND_CNTL/U_CLK_DIV/counter_reg_reg[15]_0
    SLICE_X61Y27         FDCE                                         r  U_FND_CNTL/U_CLK_DIV/counter_reg_reg[0]/C
  -------------------------------------------------------------------    -------------------
    SLICE_X61Y27         FDCE (Prop_fdce_C_Q)         0.141     1.608 r  U_FND_CNTL/U_CLK_DIV/counter_reg_reg[0]/Q
                         net (fo=18, routed)          0.320     1.928    U_FND_CNTL/U_CLK_DIV/counter_reg[0]
    SLICE_X61Y26         LUT3 (Prop_lut3_I1_O)        0.045     1.973 r  U_FND_CNTL/U_CLK_DIV/counter_reg[7]_i_1/O
                         net (fo=1, routed)           0.000     1.973    U_FND_CNTL/U_CLK_DIV/counter_reg_0[7]
    SLICE_X61Y26         FDCE                                         r  U_FND_CNTL/U_CLK_DIV/counter_reg_reg[7]/D
  -------------------------------------------------------------------    -------------------

                         (clock sys_clk_pin rise edge)
                                                      0.000     0.000 r  
    W5                                                0.000     0.000 r  clk (IN)
                         net (fo=0)                   0.000     0.000    clk
    W5                   IBUF (Prop_ibuf_I_O)         0.414     0.414 r  clk_IBUF_inst/O
                         net (fo=1, routed)           0.685     1.099    clk_IBUF
    BUFGCTRL_X0Y0        BUFG (Prop_bufg_I_O)         0.029     1.128 r  clk_IBUF_BUFG_inst/O
                         net (fo=17, routed)          0.849     1.976    U_FND_CNTL/U_CLK_DIV/counter_reg_reg[15]_0
    SLICE_X61Y26         FDCE                                         r  U_FND_CNTL/U_CLK_DIV/counter_reg_reg[7]/C
                         clock pessimism             -0.498     1.478    
    SLICE_X61Y26         FDCE (Hold_fdce_C_D)         0.092     1.570    U_FND_CNTL/U_CLK_DIV/counter_reg_reg[7]
  -------------------------------------------------------------------
                         required time                         -1.570    
                         arrival time                           1.973    
  -------------------------------------------------------------------
                         slack                                  0.403    

Slack (MET) :             0.404ns  (arrival time - required time)
  Source:                 U_FND_CNTL/U_CLK_DIV/counter_reg_reg[0]/C
                            (rising edge-triggered cell FDCE clocked by sys_clk_pin  {rise@0.000ns fall@5.000ns period=10.000ns})
  Destination:            U_FND_CNTL/U_CLK_DIV/counter_reg_reg[4]/D
                            (rising edge-triggered cell FDCE clocked by sys_clk_pin  {rise@0.000ns fall@5.000ns period=10.000ns})
  Path Group:             sys_clk_pin
  Path Type:              Hold (Min at Fast Process Corner)
  Requirement:            0.000ns  (sys_clk_pin rise@0.000ns - sys_clk_pin rise@0.000ns)
  Data Path Delay:        0.506ns  (logic 0.186ns (36.753%)  route 0.320ns (63.247%))
  Logic Levels:           1  (LUT3=1)
  Clock Path Skew:        0.011ns (DCD - SCD - CPR)
    Destination Clock Delay (DCD):    1.976ns
    Source Clock Delay      (SCD):    1.467ns
    Clock Pessimism Removal (CPR):    0.498ns

    Location             Delay type                Incr(ns)  Path(ns)    Netlist Resource(s)
  -------------------------------------------------------------------    -------------------
                         (clock sys_clk_pin rise edge)
                                                      0.000     0.000 r  
    W5                                                0.000     0.000 r  clk (IN)
                         net (fo=0)                   0.000     0.000    clk
    W5                   IBUF (Prop_ibuf_I_O)         0.226     0.226 r  clk_IBUF_inst/O
                         net (fo=1, routed)           0.631     0.858    clk_IBUF
    BUFGCTRL_X0Y0        BUFG (Prop_bufg_I_O)         0.026     0.884 r  clk_IBUF_BUFG_inst/O
                         net (fo=17, routed)          0.584     1.467    U_FND_CNTL/U_CLK_DIV/counter_reg_reg[15]_0
    SLICE_X61Y27         FDCE                                         r  U_FND_CNTL/U_CLK_DIV/counter_reg_reg[0]/C
  -------------------------------------------------------------------    -------------------
    SLICE_X61Y27         FDCE (Prop_fdce_C_Q)         0.141     1.608 r  U_FND_CNTL/U_CLK_DIV/counter_reg_reg[0]/Q
                         net (fo=18, routed)          0.320     1.928    U_FND_CNTL/U_CLK_DIV/counter_reg[0]
    SLICE_X61Y26         LUT3 (Prop_lut3_I1_O)        0.045     1.973 r  U_FND_CNTL/U_CLK_DIV/counter_reg[4]_i_1/O
                         net (fo=1, routed)           0.000     1.973    U_FND_CNTL/U_CLK_DIV/counter_reg_0[4]
    SLICE_X61Y26         FDCE                                         r  U_FND_CNTL/U_CLK_DIV/counter_reg_reg[4]/D
  -------------------------------------------------------------------    -------------------

                         (clock sys_clk_pin rise edge)
                                                      0.000     0.000 r  
    W5                                                0.000     0.000 r  clk (IN)
                         net (fo=0)                   0.000     0.000    clk
    W5                   IBUF (Prop_ibuf_I_O)         0.414     0.414 r  clk_IBUF_inst/O
                         net (fo=1, routed)           0.685     1.099    clk_IBUF
    BUFGCTRL_X0Y0        BUFG (Prop_bufg_I_O)         0.029     1.128 r  clk_IBUF_BUFG_inst/O
                         net (fo=17, routed)          0.849     1.976    U_FND_CNTL/U_CLK_DIV/counter_reg_reg[15]_0
    SLICE_X61Y26         FDCE                                         r  U_FND_CNTL/U_CLK_DIV/counter_reg_reg[4]/C
                         clock pessimism             -0.498     1.478    
    SLICE_X61Y26         FDCE (Hold_fdce_C_D)         0.091     1.569    U_FND_CNTL/U_CLK_DIV/counter_reg_reg[4]
  -------------------------------------------------------------------
                         required time                         -1.569    
                         arrival time                           1.973    
  -------------------------------------------------------------------
                         slack                                  0.404    

Slack (MET) :             0.406ns  (arrival time - required time)
  Source:                 U_FND_CNTL/U_CLK_DIV/counter_reg_reg[0]/C
                            (rising edge-triggered cell FDCE clocked by sys_clk_pin  {rise@0.000ns fall@5.000ns period=10.000ns})
  Destination:            U_FND_CNTL/U_CLK_DIV/counter_reg_reg[12]/D
                            (rising edge-triggered cell FDCE clocked by sys_clk_pin  {rise@0.000ns fall@5.000ns period=10.000ns})
  Path Group:             sys_clk_pin
  Path Type:              Hold (Min at Fast Process Corner)
  Requirement:            0.000ns  (sys_clk_pin rise@0.000ns - sys_clk_pin rise@0.000ns)
  Data Path Delay:        0.513ns  (logic 0.185ns (36.041%)  route 0.328ns (63.959%))
  Logic Levels:           1  (LUT3=1)
  Clock Path Skew:        0.000ns (DCD - SCD - CPR)
    Destination Clock Delay (DCD):    1.978ns
    Source Clock Delay      (SCD):    1.467ns
    Clock Pessimism Removal (CPR):    0.511ns

    Location             Delay type                Incr(ns)  Path(ns)    Netlist Resource(s)
  -------------------------------------------------------------------    -------------------
                         (clock sys_clk_pin rise edge)
                                                      0.000     0.000 r  
    W5                                                0.000     0.000 r  clk (IN)
                         net (fo=0)                   0.000     0.000    clk
    W5                   IBUF (Prop_ibuf_I_O)         0.226     0.226 r  clk_IBUF_inst/O
                         net (fo=1, routed)           0.631     0.858    clk_IBUF
    BUFGCTRL_X0Y0        BUFG (Prop_bufg_I_O)         0.026     0.884 r  clk_IBUF_BUFG_inst/O
                         net (fo=17, routed)          0.584     1.467    U_FND_CNTL/U_CLK_DIV/counter_reg_reg[15]_0
    SLICE_X61Y27         FDCE                                         r  U_FND_CNTL/U_CLK_DIV/counter_reg_reg[0]/C
  -------------------------------------------------------------------    -------------------
    SLICE_X61Y27         FDCE (Prop_fdce_C_Q)         0.141     1.608 r  U_FND_CNTL/U_CLK_DIV/counter_reg_reg[0]/Q
                         net (fo=18, routed)          0.328     1.936    U_FND_CNTL/U_CLK_DIV/counter_reg[0]
    SLICE_X61Y27         LUT3 (Prop_lut3_I1_O)        0.044     1.980 r  U_FND_CNTL/U_CLK_DIV/counter_reg[12]_i_1/O
                         net (fo=1, routed)           0.000     1.980    U_FND_CNTL/U_CLK_DIV/counter_reg_0[12]
    SLICE_X61Y27         FDCE                                         r  U_FND_CNTL/U_CLK_DIV/counter_reg_reg[12]/D
  -------------------------------------------------------------------    -------------------

                         (clock sys_clk_pin rise edge)
                                                      0.000     0.000 r  
    W5                                                0.000     0.000 r  clk (IN)
                         net (fo=0)                   0.000     0.000    clk
    W5                   IBUF (Prop_ibuf_I_O)         0.414     0.414 r  clk_IBUF_inst/O
                         net (fo=1, routed)           0.685     1.099    clk_IBUF
    BUFGCTRL_X0Y0        BUFG (Prop_bufg_I_O)         0.029     1.128 r  clk_IBUF_BUFG_inst/O
                         net (fo=17, routed)          0.851     1.978    U_FND_CNTL/U_CLK_DIV/counter_reg_reg[15]_0
    SLICE_X61Y27         FDCE                                         r  U_FND_CNTL/U_CLK_DIV/counter_reg_reg[12]/C
                         clock pessimism             -0.511     1.467    
    SLICE_X61Y27         FDCE (Hold_fdce_C_D)         0.107     1.574    U_FND_CNTL/U_CLK_DIV/counter_reg_reg[12]
  -------------------------------------------------------------------
                         required time                         -1.574    
                         arrival time                           1.980    
  -------------------------------------------------------------------
                         slack                                  0.406    





Pulse Width Checks
--------------------------------------------------------------------------------------
Clock Name:         sys_clk_pin
Waveform(ns):       { 0.000 5.000 }
Period(ns):         10.000
Sources:            { clk }

Check Type        Corner  Lib Pin  Reference Pin  Required(ns)  Actual(ns)  Slack(ns)  Location       Pin
Min Period        n/a     BUFG/I   n/a            2.155         10.000      7.845      BUFGCTRL_X0Y0  clk_IBUF_BUFG_inst/I
Min Period        n/a     FDCE/C   n/a            1.000         10.000      9.000      SLICE_X61Y25   U_FND_CNTL/U_CLK_DIV/clk_reg_reg/C
Min Period        n/a     FDCE/C   n/a            1.000         10.000      9.000      SLICE_X61Y27   U_FND_CNTL/U_CLK_DIV/counter_reg_reg[0]/C
Min Period        n/a     FDCE/C   n/a            1.000         10.000      9.000      SLICE_X61Y28   U_FND_CNTL/U_CLK_DIV/counter_reg_reg[10]/C
Min Period        n/a     FDCE/C   n/a            1.000         10.000      9.000      SLICE_X61Y27   U_FND_CNTL/U_CLK_DIV/counter_reg_reg[11]/C
Min Period        n/a     FDCE/C   n/a            1.000         10.000      9.000      SLICE_X61Y27   U_FND_CNTL/U_CLK_DIV/counter_reg_reg[12]/C
Min Period        n/a     FDCE/C   n/a            1.000         10.000      9.000      SLICE_X61Y28   U_FND_CNTL/U_CLK_DIV/counter_reg_reg[13]/C
Min Period        n/a     FDCE/C   n/a            1.000         10.000      9.000      SLICE_X61Y28   U_FND_CNTL/U_CLK_DIV/counter_reg_reg[14]/C
Min Period        n/a     FDCE/C   n/a            1.000         10.000      9.000      SLICE_X61Y28   U_FND_CNTL/U_CLK_DIV/counter_reg_reg[15]/C
Min Period        n/a     FDCE/C   n/a            1.000         10.000      9.000      SLICE_X61Y25   U_FND_CNTL/U_CLK_DIV/counter_reg_reg[1]/C
Low Pulse Width   Slow    FDCE/C   n/a            0.500         5.000       4.500      SLICE_X61Y28   U_FND_CNTL/U_CLK_DIV/counter_reg_reg[10]/C
Low Pulse Width   Slow    FDCE/C   n/a            0.500         5.000       4.500      SLICE_X61Y28   U_FND_CNTL/U_CLK_DIV/counter_reg_reg[13]/C
Low Pulse Width   Slow    FDCE/C   n/a            0.500         5.000       4.500      SLICE_X61Y28   U_FND_CNTL/U_CLK_DIV/counter_reg_reg[14]/C
Low Pulse Width   Slow    FDCE/C   n/a            0.500         5.000       4.500      SLICE_X61Y28   U_FND_CNTL/U_CLK_DIV/counter_reg_reg[15]/C
Low Pulse Width   Fast    FDCE/C   n/a            0.500         5.000       4.500      SLICE_X61Y26   U_FND_CNTL/U_CLK_DIV/counter_reg_reg[4]/C
Low Pulse Width   Fast    FDCE/C   n/a            0.500         5.000       4.500      SLICE_X61Y26   U_FND_CNTL/U_CLK_DIV/counter_reg_reg[5]/C
Low Pulse Width   Fast    FDCE/C   n/a            0.500         5.000       4.500      SLICE_X61Y26   U_FND_CNTL/U_CLK_DIV/counter_reg_reg[7]/C
Low Pulse Width   Fast    FDCE/C   n/a            0.500         5.000       4.500      SLICE_X61Y26   U_FND_CNTL/U_CLK_DIV/counter_reg_reg[8]/C
Low Pulse Width   Fast    FDCE/C   n/a            0.500         5.000       4.500      SLICE_X61Y25   U_FND_CNTL/U_CLK_DIV/clk_reg_reg/C
Low Pulse Width   Fast    FDCE/C   n/a            0.500         5.000       4.500      SLICE_X61Y27   U_FND_CNTL/U_CLK_DIV/counter_reg_reg[0]/C
High Pulse Width  Slow    FDCE/C   n/a            0.500         5.000       4.500      SLICE_X61Y25   U_FND_CNTL/U_CLK_DIV/clk_reg_reg/C
High Pulse Width  Fast    FDCE/C   n/a            0.500         5.000       4.500      SLICE_X61Y25   U_FND_CNTL/U_CLK_DIV/clk_reg_reg/C
High Pulse Width  Slow    FDCE/C   n/a            0.500         5.000       4.500      SLICE_X61Y27   U_FND_CNTL/U_CLK_DIV/counter_reg_reg[0]/C
High Pulse Width  Slow    FDCE/C   n/a            0.500         5.000       4.500      SLICE_X61Y27   U_FND_CNTL/U_CLK_DIV/counter_reg_reg[11]/C
High Pulse Width  Slow    FDCE/C   n/a            0.500         5.000       4.500      SLICE_X61Y27   U_FND_CNTL/U_CLK_DIV/counter_reg_reg[12]/C
High Pulse Width  Slow    FDCE/C   n/a            0.500         5.000       4.500      SLICE_X61Y25   U_FND_CNTL/U_CLK_DIV/counter_reg_reg[1]/C
High Pulse Width  Fast    FDCE/C   n/a            0.500         5.000       4.500      SLICE_X61Y25   U_FND_CNTL/U_CLK_DIV/counter_reg_reg[1]/C
High Pulse Width  Slow    FDCE/C   n/a            0.500         5.000       4.500      SLICE_X61Y25   U_FND_CNTL/U_CLK_DIV/counter_reg_reg[2]/C
High Pulse Width  Fast    FDCE/C   n/a            0.500         5.000       4.500      SLICE_X61Y25   U_FND_CNTL/U_CLK_DIV/counter_reg_reg[2]/C
High Pulse Width  Slow    FDCE/C   n/a            0.500         5.000       4.500      SLICE_X61Y25   U_FND_CNTL/U_CLK_DIV/counter_reg_reg[3]/C



